text,label,label_name
"Some friends want me to drive em someplace, probably take a while",0,ham
Kinda. First one gets in at twelve! Aah. Speak tomo,0,ham
"It's wylie, you in tampa or sarasota?",0,ham
They r giving a second chance to rahul dengra.,0,ham
"You are always putting your business out there. You put pictures of your ass on facebook. You are one of the most open people i've ever met. Why would i think a picture of your room would hurt you, make you feel violated.",0,ham
OH FUCK. JUSWOKE UP IN A BED ON A BOATIN THE DOCKS. SLEPT WID 25 YEAR OLD. SPINOUT! GIV U DA GOSSIP L8R. XXX,0,ham
Do you know when the result.,0,ham
I wanna watch that movie,0,ham
Where u been hiding stranger?,0,ham
No * am working on the ringing u thing but have whole houseful of screaming brats so * am pulling my hair out! Loving u,0,ham
Just sleeping..and surfing,0,ham
"Now, whats your house # again ? And do you have any beer there ?",0,ham
You've always been the brainy one.,0,ham
You are right. Meanwhile how's project twins comin up,0,ham
We tried to call you re your reply to our sms for a video mobile 750 mins UNLIMITED TEXT free camcorder Reply or call now 08000930705 Del Thurs,1,spam
What to think no one saying clearly. Ok leave no need to ask her. I will go if she come or not,0,ham
So are you guys asking that i get that slippers again or its gone with last year,0,ham
Lol! Nah wasn't too bad thanks. Its good to b home but its been quite a reality check. Hows ur day been? Did u do anything with website?,0,ham
Nan sonathaya soladha. Why boss?,0,ham
A link to your picture has been sent. You can also use http://alto18.co.uk/wave/wave.asp?o=44345,1,spam
I'm in school now n i'll be in da lab doing some stuff give me a call when ü r done.,0,ham
S...i will take mokka players only:),0,ham
No did you check? I got his detailed message now,0,ham
They just talking thats it de. They wont any other.,0,ham
Tell them no need to investigate about me anywhere.,0,ham
Where's my boytoy? I miss you ... What happened?,0,ham
Thats cool princess! I will cover your face in hot sticky cum :),0,ham
K...k...yesterday i was in cbe .,0,ham
Should I be stalking u?,0,ham
"No I'm good for the movie, is it ok if I leave in an hourish?",0,ham
"Hi Chikku, send some nice msgs",0,ham
I wait 4 ü inside da car park...,0,ham
K.i did't see you.:)k:)where are you now?,0,ham
You in your room? I need a few,0,ham
Okay name ur price as long as its legal! Wen can I pick them up? Y u ave x ams xx,0,ham
"That‘s the thing with apes, u can fight to the death to keep something, but the minute they have it when u let go, thats it!",0,ham
"Call me, i am senthil from hsbc.",0,ham
Are you available for soiree on June 3rd?,0,ham
Your opinion about me? 1. Over 2. Jada 3. Kusruthi 4. Lovable 5. Silent 6. Spl character 7. Not matured 8. Stylish 9. Simple Pls reply..,0,ham
FREE MSG:We billed your mobile number by mistake from shortcode 83332.Please call 08081263000 to have charges refunded.This call will be free from a BT landline,1,spam
What r u cooking me for dinner?,0,ham
"Under the sea, there lays a rock. In the rock, there is an envelope. In the envelope, there is a paper. On the paper, there are 3 words... '",0,ham
"Er, hello, things didn‘t quite go to plan – is limping slowly home followed by aa and with exhaust hanging off",0,ham
You have WON a guaranteed £1000 cash or a £2000 prize. To claim yr prize call our customer service representative on 08714712394 between 10am-7pm,1,spam
Re your call; You didn't see my facebook huh?,0,ham
"Hello darling how are you today? I would love to have a chat, why dont you tell me what you look like and what you are in to sexy?",1,spam
"Congrats! 2 mobile 3G Videophones R yours. call 09063458130 now! videochat wid your mates, play java games, Dload polyPH music, noline rentl.",1,spam
"Beautiful Truth against Gravity.. Read carefully: ""Our heart feels light when someone is in it.. But it feels very heavy when someone leaves it.."" GOODMORNING",0,ham
Have you heard from this week?,0,ham
"Haha yeah, 2 oz is kind of a shitload",0,ham
Hi Dear Call me its urgnt. I don't know whats your problem. You don't want to work or if you have any other problem at least tell me. Wating for your reply.,0,ham
"The world suffers a lot... Not because of the violence of bad people. But because of the silence of good people!, Gud night....",0,ham
I luv u soo much u dont understand how special u r 2 me ring u 2morrow luv u xxx,0,ham
Ugh hopefully the asus ppl dont randomly do a reformat.,0,ham
i can call in  &lt;#&gt;  min if thats ok,0,ham
"A bit of Ur smile is my hppnss, a drop of Ur tear is my sorrow, a part of Ur heart is my life, a heart like mine wil care for U, forevr as my GOODFRIEND",0,ham
My exam is for february 4. Wish you a great day.,0,ham
Yes..he is really great..bhaji told kallis best cricketer after sachin in world:).very tough to get out.,0,ham
K I'll be there before 4.,0,ham
Yup. Thk of u oso boring wat.,0,ham
My phone,0,ham
JADE ITS PAUL. Y DIDNT U TXT ME? DO U REMEMBER ME FROM BARMED? I WANT 2 TALK 2 U! TXT ME,0,ham
"TODAY is Sorry day.! If ever i was angry with you, if ever i misbehaved or hurt you? plz plz JUST SLAP URSELF Bcoz, Its ur fault, I'm basically GOOD",0,ham
How do you plan to manage that,0,ham
Love you aathi..love u lot..,0,ham
"Hmm... Dunno leh, mayb a bag 4 goigng out dat is not too small. Or jus anything except perfume, smth dat i can keep.",0,ham
Now am free call me pa.,0,ham
"Hello my boytoy ... Geeee I miss you already and I just woke up. I wish you were here in bed with me, cuddling me. I love you ...",0,ham
"CHA QUITEAMUZING THATSCOOL BABE,PROBPOP IN & CU SATTHEN HUNNY 4BREKKIE! LOVE JEN XXX. PSXTRA LRG PORTIONS 4 ME PLEASE",0,ham
"How is my boy? No sweet words left for me this morning ... *sighs* ... How goes you day, my love ? Did you start your studying?",0,ham
"Win the newest “Harry Potter and the Order of the Phoenix (Book 5) reply HARRY, answer 5 questions - chance to be the first among readers!",1,spam
I'm in office now . I will call you  &lt;#&gt;  min:),0,ham
My sister got placed in birla soft da:-),0,ham
Left dessert. U wan me 2 go suntec look 4 u?,0,ham
how are you? I miss you!,0,ham
I told that am coming on wednesday.,0,ham
Already one guy loving you:-.,0,ham
The monthly amount is not that terrible and you will not pay anything till 6months after finishing school.,0,ham
Hey come online! Use msn... We are all there,0,ham
"Hmmm ... And imagine after you've come home from that having to rub my feet, make me dinner and help me get ready for my date ! Are you sure your ready for that kind of life ?",0,ham
No screaming means shouting..,0,ham
"Oh... I was thkin of goin yogasana at 10 den no nd to go at 3 den can rush to parco 4 nb... Okie lor, u call me when ready...",0,ham
"Now u sound like manky scouse boy steve,like! I is travelling on da bus home.wot has u inmind 4 recreation dis eve?",0,ham
Leaving to qatar tonite in search of an opportunity.all went fast.pls add me in ur prayers dear.Rakhesh,0,ham
"Yep, at derek's house now, see you Sunday &lt;3",0,ham
Yeah he got in at 2 and was v apologetic. n had fallen out and she was actin like spoilt child and he got caught up in that. Till 2! But we won't go there! Not doing too badly cheers. You?,0,ham
"Sorry I missed you babe. I was up late and slept in. I hope you enjoy your driving lesson, boytoy. I miss you too ... *teasing kiss*",0,ham
About  &lt;#&gt; bucks. The banks fees are fixed. Better to call the bank and find out.,0,ham
HCL chennai requires FRESHERS for voice process.Excellent english needed.Salary upto  &lt;#&gt; .Call Ms.Suman  &lt;#&gt;  for Telephonic interview -via Indyarocks.com,0,ham
Wat time u finish ur lect today?,0,ham
I;m reaching in another 2 stops.,0,ham
Jos ask if u wana meet up?,0,ham
"Lets use it next week, princess :)",0,ham
"Tunde, how are you doing. This is just wishing you a great day. Abiola.",0,ham
do u think that any girl will propose u today by seing ur bloody funky shit fucking face...............asssssholeeee................,0,ham
"I av a new number,  . Wil u only use this one,ta.",0,ham
This is all just creepy and crazy to me.,0,ham
Now that you have started dont stop. Just pray for more good ideas and anything i see that can help you guys i.ll forward you a link.,0,ham
How come u got nothing to do?,0,ham
So do you have samus shoulders yet,0,ham
Thanks chikku..:-) gud nyt:-*,0,ham
"Mmmmmm ... I love you,so much, Ahmad ... I can't wait for this year to begin as every second takes me closer to being at your side. Happy New Year, my love!!",0,ham
Yes. They replied my mail. I'm going to the management office later. Plus will in to bank later also.or on wednesday.,0,ham
K..i deleted my contact that why?,0,ham
Haiyoh... Maybe your hamster was jealous of million,0,ham
Ok ill send you with in  &lt;DECIMAL&gt;  ok.,0,ham
Send me yetty's number pls.,0,ham
"HOT LIVE FANTASIES call now 08707509020 Just 20p per min NTT Ltd, PO Box 1327 Croydon CR9 5WB 0870..k",1,spam
Then u go back urself lor...,0,ham
Dude how do you like the buff wind.,0,ham
Wow v v impressed. Have funs shopping!,0,ham
Baaaaaaaabe! Wake up ! I miss you ! I crave you! I need you!,0,ham
I'll let you know when it kicks in,0,ham
PRIVATE! Your 2003 Account Statement for 07808247860 shows 800 un-redeemed S. I. M. points. Call 08719899229 Identifier Code: 40411 Expires 06/11/04,1,spam
Hello! Good week? Fancy a drink or something later?,0,ham
Dnt worry...use ice pieces in a cloth pack.also take 2 tablets.,0,ham
Huh y lei...,0,ham
Yeah sure I'll leave in a min,0,ham
Lara said she can loan me  &lt;#&gt; .,0,ham
"Hi, this is Mandy Sullivan calling from HOTMIX FM...you are chosen to receive £5000.00 in our Easter Prize draw.....Please telephone 09041940223 to claim before 29/03/05 or your prize will be transferred to someone else....",1,spam
I love to wine and dine my lady!,0,ham
Guessin you ain't gonna be here before 9?,0,ham
"Good afternoon sunshine! How dawns that day ? Are we refreshed and happy to be alive? Do we breathe in the air and smile ? I think of you, my love ... As always",0,ham
Got meh... When?,0,ham
"Cool breeze... Bright sun... Fresh flower... Twittering birds... All these waiting to wish u: ""GOODMORNING &amp; HAVE A NICE DAY"" :)",0,ham
Don't look back at the building because you have no coat and i don't want you to get more sick. Just hurry home and wear a coat to the gym!!!,0,ham
Yes I started to send requests to make it but pain came back so I'm back in bed. Double coins at the factory too. I gotta cash in all my nitros.,0,ham
"Aight no rush, I'll ask jay",0,ham
I'm ok wif it cos i like 2 try new things. But i scared u dun like mah. Cos u said not too loud.,0,ham
Hows the pain dear?y r u smiling?,0,ham
"Congrats! 1 year special cinema pass for 2 is yours. call 09061209465 now! C Suprman V, Matrix3, StarWars3, etc all 4 FREE! bx420-ip4-5we. 150pm. Dont miss out!",1,spam
"Goal! Arsenal 4 (Henry, 7 v Liverpool 2 Henry scores with a simple shot from 6 yards from a pass by Bergkamp to give Arsenal a 2 goal margin after 78 mins.",1,spam
"A gram usually runs like  &lt;#&gt; , a half eighth is smarter though and gets you almost a whole second gram for  &lt;#&gt;",0,ham
"Oops - am at my mum's in somerset... Bit far! Back tomo, see you soon x",0,ham
important information 4 orange user 0789xxxxxxx. today is your lucky day!2find out why log onto http://www.urawinner.com THERE'S A FANTASTIC SURPRISE AWAITING YOU!,1,spam
You should change your fb to jaykwon thuglyfe falconerf,0,ham
"that would be good … I'll phone you tomo lunchtime, shall I, to organise something?",0,ham
"Great. I'm in church now, will holla when i get out",0,ham
"Send ur birthdate with month and year, I will tel u ur LIFE PARTNER'S name. and the method of calculation. Reply must.",0,ham
Enjoy the jamster videosound gold club with your credits for 2 new videosounds+2 logos+musicnews! get more fun from jamster.co.uk! 16+only Help? call: 09701213186,1,spam
"When you just put in the + sign, choose my number and the pin will show. Right?",0,ham
"Got hella gas money, want to go on a grand nature adventure with galileo in a little bit?",0,ham
Do ü noe if ben is going?,0,ham
"Awesome, lemme know whenever you're around",0,ham
"Wishing you and your family Merry ""X"" mas and HAPPY NEW Year in advance..",0,ham
Yes princess! I want to please you every night. Your wish is my command...,0,ham
No problem. How are you doing?,0,ham
"Solve d Case : A Man Was Found Murdered On  &lt;DECIMAL&gt; . &lt;#&gt;  AfterNoon. 1,His wife called Police. 2,Police questioned everyone. 3,Wife: Sir,I was sleeping, when the murder took place. 4.Cook: I was cooking. 5.Gardener: I was picking vegetables. 6.House-Maid: I went 2 d post office. 7.Children: We went 2 play. 8.Neighbour: We went 2 a marriage. Police arrested d murderer Immediately. Who's It? Reply With Reason, If U r Brilliant.",0,ham
"Hi, the SEXYCHAT girls are waiting for you to text them. Text now for a great night chatting. send STOP to stop this service",1,spam
I have to take exam with march 3,0,ham
Loans for any purpose even if you have Bad Credit! Tenants Welcome. Call NoWorriesLoans.com on 08717111821,1,spam
Is there coming friday is leave for pongal?do you get any news from your work place.,0,ham
Height of recycling: Read twice- People spend time for earning money and the same money is spent for spending time!;-) Good morning.. keep smiling:-),0,ham
"Get the door, I'm here",0,ham
Still work going on:)it is very small house.,0,ham
"You are being contacted by our dating service by someone you know! To find out who it is, call from a land line 09050000878. PoBox45W2TG150P",1,spam
"Imagine you finally get to sink into that bath after I have put you through your paces, maybe even having you eat me for a while before I left ... But also imagine the feel of that cage on your cock surrounded by the bath water, reminding you always who owns you ... Enjoy, my cuck",0,ham
I was about to do it when i texted. I finished a long time ago and showered and er'ything!,0,ham
Are you angry with me. What happen dear,0,ham
U havent lost me ill always b here 4u.i didnt intend 2 hurt u but I never knew how u felt about me when Iwas+marine&thats what itried2tell urmom.i careabout u,0,ham
Lol that's different. I don't go trying to find every real life photo you ever took.,0,ham
"G says you never answer your texts, confirm/deny",0,ham
We live in the next  &lt;#&gt; mins,0,ham
Sitting in mu waiting for everyone to get out of my suite so I can take a shower,0,ham
Jamster! To get your free wallpaper text HEART to 88888 now! T&C apply. 16 only. Need Help? Call 08701213186.,1,spam
If u sending her home first it's ok lor. I'm not ready yet.,0,ham
Is that seriously how you spell his name?,0,ham
"K I'll head out in a few mins, see you there",0,ham
"449050000301 You have won a £2,000 price! To claim, call 09050000301.",1,spam
U ned to convince him tht its not possible witot hurting his feeling its the main,0,ham
Sorry i now then c ur msg... Yar lor so poor thing... But only 4 one night... Tmr u'll have a brand new room 2 sleep in...,0,ham
I'm job profile seems like bpo..,0,ham
Congrats! Nokia 3650 video camera phone is your Call 09066382422 Calls cost 150ppm Ave call 3mins vary from mobiles 16+ Close 300603 post BCM4284 Ldn WC1N3XX,1,spam
Collect your VALENTINE'S weekend to PARIS inc Flight & Hotel + £200 Prize guaranteed! Text: PARIS to No: 69101. www.rtf.sphosting.com,1,spam
What is this 'hex' place you talk of? Explain!,0,ham
U can call me now...,0,ham
"You are guaranteed the latest Nokia Phone, a 40GB iPod MP3 player or a £500 prize! Txt word: COLLECT to No: 83355! IBHltd LdnW15H 150p/Mtmsgrcvd18+",1,spam
YO YO YO BYATCH WHASSUP?,0,ham
Oh Howda gud gud.. Mathe en samachara chikku:-),0,ham
Why don't you go tell your friend you're not sure you want to live with him because he smokes too much then spend hours begging him to come smoke,0,ham
Double Mins & Double Txt & 1/2 price Linerental on Latest Orange Bluetooth mobiles. Call MobileUpd8 for the very latest offers. 08000839402 or call2optout/LF56,1,spam
Remember on that day..,0,ham
For The First Time In The History 'Need' 'Comfort' And 'Luxury' Are Sold At Same Price In India..!! Onion-Rs. &lt;#&gt;  Petrol-Rs. &lt;#&gt;  Beer-Rs. &lt;#&gt;  SHESIL  &lt;#&gt;,0,ham
Well welp is sort of a semiobscure internet thing,0,ham
Please leave this topic..sorry for telling that..,0,ham
"She said,'' do u mind if I go into the bedroom for a minute ? '' ''OK'', I sed in a sexy mood. She came out 5 minuts latr wid a cake...n My Wife,",0,ham
Dunno y u ask me.,0,ham
Hi there. We have now moved in2 our pub . Would be great 2 c u if u cud come up.,0,ham
"wow. You're right! I didn't mean to do that. I guess once i gave up on boston men and changed my search location to nyc, something changed. Cuz on my signin page it still says boston.",0,ham
"Hack Chat. Get backdoor entry into 121 chat rooms at a fraction of the cost. Reply NEO69 or call 09050280520, to subscribe 25p pm. DPS, Bcm box 8027 Ldn, wc1n3xx",1,spam
Congratulations ur awarded either £500 of CD gift vouchers & Free entry 2 our £100 weekly draw txt MUSIC to 87066 TnCs www.Ldew.com 1 win150ppmx3age16,1,spam
"It's not that you make me cry. It's just that when all our stuff happens on top of everything else, it pushes me over the edge. You don't underdtand how often i cry over my sorry, sorry life.",0,ham
Please call Amanda with regard to renewing or upgrading your current T-Mobile handset free of charge. Offer ends today. Tel 0845 021 3680 subject to T's and C's,1,spam
Auntie huai juan never pick up her phone,0,ham
What you doing?how are you?,0,ham
"K, text me when you're on the way",0,ham
We not leaving yet. Ok lor then we go elsewhere n eat. U thk...,0,ham
No calls..messages..missed calls,0,ham
WHITE FUDGE OREOS ARE IN STORES,0,ham
I tagged MY friends that you seemed to count as YOUR friends.,0,ham
Draw va?i dont think so:),0,ham
Omg you can make a wedding chapel in frontierville? Why do they get all the good stuff?,0,ham
Ha ha - had popped down to the loo when you hello-ed me. Hello!,0,ham
Just got up. have to be out of the room very soon. …. i hadn't put the clocks back til at 8 i shouted at everyone to get up and then realised it was 7. wahay. another hour in bed.,0,ham
Ok i've sent u da latest version of da project.,0,ham
"I can't speak, bcaz mobile have problem. I can listen you but you cann't listen my voice. So i calls you later.",0,ham
Aslamalaikkum....insha allah tohar beeen muht albi mufti mahfuuz...meaning same here....,0,ham
Ok lor. Anyway i thk we cant get tickets now cos like quite late already. U wan 2 go look 4 ur frens a not? Darren is wif them now...,0,ham
Hi good mornin.. Thanku wish u d same..,0,ham
Where are you?when wil you reach here?,0,ham
Long after I quit. I get on only like 5 minutes a day as it is.,0,ham
Yeah I'll try to scrounge something up,0,ham
"I am real, baby! I want to bring out your inner tigress...",0,ham
"* Was a nice day and, impressively, i was sensible, went home early and now feel fine. Or am i just boring?! When's yours, i can't remember.",0,ham
I'm coming back on Thursday. Yay. Is it gonna be ok to get the money. Cheers. Oh yeah and how are you. Everything alright. Hows school. Or do you call it work now,0,ham
Can come my room but cannot come my house cos my house still messy... Haha...,0,ham
For me the love should start with attraction.i should feel that I need her every time around me.she should be the first thing which comes in my thoughts.I would start the day and end it with her.she should be there every time I dream.love will be then when my every breath has her name.my life should happen around her.my life will be named to her.I would cry for her.will give all my happiness and take all her sorrows.I will be ready to fight with anyone for her.I will be in love when I will be doing the craziest things for her.love will be when I don't have to proove anyone that my girl is the most beautiful lady on the whole planet.I will always be singing praises for her.love will be when I start up making chicken curry and end up makiing sambar.life will be the most beautiful then.will get every morning and thank god for the day because she is with me.I would like to say a lot..will tell later..,0,ham
"Fuck babe, I miss you sooooo much !! I wish you were here to sleep with me ... My bed is so lonely ... I go now, to sleep ... To dream of you, my love ...",0,ham
"She is our sister.. She belongs 2 our family.. She is d hope of tomorrow.. Pray 4 her,who was fated 4 d Shoranur train incident. Lets hold our hands together &amp; fuelled by love &amp; concern prior 2 her grief &amp; pain. Pls join in dis chain &amp; pass it. STOP VIOLENCE AGAINST WOMEN.",0,ham
Howz pain.it will come down today.do as i said ystrday.ice and medicine.,0,ham
"FreeMsg Hey there darling it's been 3 week's now and no word back! I'd like some fun you up for it still? Tb ok! XxX std chgs to send, £1.50 to rcv",1,spam
Ok then i will come to ur home after half an hour,0,ham
"Nah can't help you there, I've never had an iphone",0,ham
Of cos can lar i'm not so ba dao ok... 1 pm lor... Y u never ask where we go ah... I said u would ask on fri but he said u will ask today...,0,ham
Oi. Ami parchi na re. Kicchu kaaj korte iccha korche na. Phone ta tul na. Plz. Plz.,0,ham
"Probably not, I'm almost out of gas and I get some cash tomorrow",0,ham
That's cause your old. I live to be high.,0,ham
Thanx a lot 4 ur help!,0,ham
Hey whats up? U sleeping all morning?,0,ham
Lol yep did that yesterday. Already got my fireplace. Now its just another icon sitting there for me.,0,ham
"If you can make it any time tonight or whenever you can it's cool, just text me whenever you're around",0,ham
"My mobile number.pls sms ur mail id.convey regards to achan,amma.Rakhesh.Qatar",0,ham
S:)8 min to go for lunch:),0,ham
I have printed it oh. So  &lt;#&gt;  come upstairs,0,ham
"Happy or sad , one thing about past is- ""Its no more"" GOOD MORNING :-):-).",0,ham
Email AlertFrom: Jeri StewartSize: 2KBSubject: Low-cost prescripiton drvgsTo listen to email call 123,1,spam
They don't put that stuff on the roads to keep it from getting slippery over there?,0,ham
If india win or level series means this is record:),0,ham
Like a personal sized or what,0,ham
Are you there in room.,0,ham
I don't quite know what to do. I still can't get hold of anyone. I cud pick you up bout 7.30pm and we can see if they're in the pub?,0,ham
"Ur balance is now £600. Next question: Complete the landmark, Big, A. Bob, B. Barry or C. Ben ?. Text A, B or C to 83738. Good luck!",1,spam
Remember to ask alex about his pizza,0,ham
DO U WANT 2 MEET UP 2MORRO,0,ham
"Anyway I don't think I can secure anything up here, lemme know if you want me to drive down south and chill",0,ham
"Hey, can you tell me blake's address? Carlos wanted me to meet him there but I got lost and he's not answering his phone",0,ham
Better. Made up for Friday and stuffed myself like a pig yesterday. Now I feel bleh. But at least its not writhing pain kind of bleh.,0,ham
Tell them u have a headache and just want to use 1 hour of sick time.,0,ham
Done it but internet connection v slow and can‘t send it. Will try again later or first thing tomo.,0,ham
Good evening! How are you?,0,ham
We still on for tonight?,0,ham
MY NO. IN LUTON 0125698789 RING ME IF UR AROUND! H*,0,ham
How are you doing. How's the queen. Are you going for the royal wedding,0,ham
I'm okay. Chasing the dream. What's good. What are you doing next.,0,ham
Give me a sec to think think about it,0,ham
"Your free ringtone is waiting to be collected. Simply text the password ""MIX"" to 85069 to verify. Get Usher and Britney. FML, PO Box 5249, MK17 92H. 450Ppw 16",1,spam
Tessy..pls do me a favor. Pls convey my birthday wishes to Nimya..pls dnt forget it. Today is her birthday Shijas,0,ham
So ü pay first lar... Then when is da stock comin...,0,ham
Then ur sis how?,0,ham
Then just eat a shit and wait for ur monkey face bitch.......... U asshole..................,0,ham
Are you plans with your family set in stone ?,0,ham
Jus ans me lar. U'll noe later.,0,ham
Ard 6 like dat lor.,0,ham
INTERFLORA - It's not too late to order Interflora flowers for christmas call 0800 505060 to place your order before Midnight tomorrow.,1,spam
"Sounds gd... Haha... Can... Wah, u yan jiu so fast liao...",0,ham
I will see in half an hour,0,ham
Dear :-/ why you mood off. I cant drive so i brother to drive,0,ham
Watching ajith film ah?,0,ham
So when do you wanna gym harri,0,ham
Me n him so funny...,0,ham
Bishan lar nearer... No need buy so early cos if buy now i gotta park my car...,0,ham
Yes. I come to nyc for audiitions and am trying to relocate.,0,ham
"500 New Mobiles from 2004, MUST GO! Txt: NOKIA to No: 89545 & collect yours today!From ONLY £1 www.4-tc.biz 2optout 087187262701.50gbp/mtmsg18",1,spam
Where wuld I be without my baby? The thought alone mite break me and I dont wanna go crazy but everyboy needs his lady xxxxxxxx,0,ham
"Yalru lyfu astne chikku.. Bt innu mundhe lyf ali halla ke bilo (marriage)program edhae, so lyf is nt yet ovr chikku..ali vargu lyfu meow meow:-D",0,ham
"1000's flirting NOW! Txt GIRL or BLOKE & ur NAME & AGE, eg GIRL ZOE 18 to 8007 to join and get chatting!",1,spam
Shhhhh nobody is supposed to know!,0,ham
We tried to contact you re your reply to our offer of 750 mins 150 textand a new video phone call 08002988890 now or reply for free delivery tomorrow,1,spam
if you text on your way to cup stop that should work. And that should be BUS,0,ham
S s..first time..dhoni rocks...,0,ham
Wait . I will msg after  &lt;#&gt;  min.,0,ham
You have been specially selected to receive a 2000 pound award! Call 08712402050 BEFORE the lines close. Cost 10ppm. 16+. T&Cs apply. AG Promo,1,spam
Am not interested to do like that.,0,ham
WIN URGENT! Your mobile number has been awarded with a £2000 prize GUARANTEED call 09061790121 from land line. claim 3030 valid 12hrs only 150ppm,1,spam
Alrite jod hows the revision goin? Keris bin doin a smidgin. N e way u wanna cum over after college?xx,0,ham
"I'm done. I'm sorry. I hope your next space gives you everything you want. Remember all the furniture is yours. If i'm not around when you move it, just lock all the locks and leave the key with jenne.",0,ham
But i'll b going 2 sch on mon. My sis need 2 take smth.,0,ham
"Oh right, ok. I'll make sure that i do loads of work during the day!  got a really nasty cough today and is dry n shot so that should really help it!",0,ham
Shuhui say change 2 suntec steamboat? U noe where? Where r u now?,0,ham
Tell rob to mack his gf in the theater,0,ham
Am on the uworld site. Am i buying the qbank only or am i buying it with the self assessment also?,0,ham
Reminder: You have not downloaded the content you have already paid for. Goto http://doit. mymoby. tv/ to collect your content.,1,spam
Thanks honey but still haven't heard anything I will leave it a bit longer so not 2 crowd him and will try later - great advice thanks hope cardiff is still there!,0,ham
Baaaaabe! I misss youuuuu ! Where are you ? I have to go and teach my class at 5 ...,0,ham
Just got to  &lt;#&gt;,0,ham
"its cool but tyler had to take off so we're gonna buy for him and drop it off at his place later tonight. Our total order is a quarter, you got enough?",0,ham
I want kfc its Tuesday. Only buy 2 meals ONLY 2. No gravy. Only 2 Mark. 2!,0,ham
Kallis wont bat in 2nd innings.,0,ham
What time you think you'll have it? Need to know when I should be near campus,0,ham
Think + da. You wil do.,0,ham
Did u find out what time the bus is at coz i need to sort some stuff out.,0,ham
hiya hows it going in sunny africa? hope u r avin a good time. give that big old silver back a big kiss from me.,0,ham
"I noe la... U wana pei bf oso rite... K lor, other days den...",0,ham
"The last thing i ever wanted to do was hurt you. And i didn't think it would have. You'd laugh, be embarassed, delete the tag and keep going. But as far as i knew, it wasn't even up. The fact that you even felt like i would do it to hurt you shows you really don't know me at all. It was messy wednesday, but it wasn't bad. The problem i have with it is you HAVE the time to clean it, but you choose not to. You skype, you take pictures, you sleep, you want to go out. I don't mind a few things here and there, but when you don't make the bed, when you throw laundry on top of it, when i can't have a friend in the house because i'm embarassed that there's underwear and bras strewn on the bed, pillows on the floor, that's something else. You used to be good about at least making the bed.",0,ham
Most of the tiime when i don't let you hug me it's so i don't break into tears.,0,ham
Beerage?,0,ham
"Are you sure you don't mean ""get here, we made you hold all the weed""",0,ham
Yes watching footie but worried we're going to blow it - Phil Neville?,0,ham
E admin building there? I might b slightly earlier... I'll call u when i'm reaching...,0,ham
I'm good. Have you registered to vote?,0,ham
"You've won tkts to the EURO2004 CUP FINAL or £800 CASH, to collect CALL 09058099801 b4190604, POBOX 7876150ppm",1,spam
"Ya ok, vikky vl c witin  &lt;#&gt; mins and il reply u..",0,ham
1 in cbe. 2 in chennai.,0,ham
Ur cash-balance is currently 500 pounds - to maximize ur cash-in now send GO to 86688 only 150p/msg. CC 08718720201 HG/Suite342/2Lands Row/W1J6HL,1,spam
"Dad wanted to talk about the apartment so I got a late start, omw now",0,ham
Quite ok but a bit ex... U better go eat smth now else i'll feel guilty...,0,ham
This msg is for your mobile content order It has been resent as previous attempt failed due to network error Queries to customersqueries@netvision.uk.com,1,spam
Captain is in our room:),0,ham
Mm i had my food da from out,0,ham
"Sorry that took so long, omw now",0,ham
"Thanks for your ringtone order, reference number X49.Your mobile will be charged 4.50. Should your tone not arrive please call customer services 09065989182",1,spam
"Did I forget to tell you ? I want you , I need you, I crave you ... But most of all ... I love you my sweet Arabian steed ... Mmmmmm ... Yummy",0,ham
Yar lor wait 4 my mum 2 finish sch then have lunch lor... I whole morning stay at home clean my room now my room quite clean... Hee...,0,ham
U are subscribed to the best Mobile Content Service in the UK for £3 per 10 days until you send STOP to 82324. Helpline 08706091795,1,spam
Love that holiday Monday feeling even if I have to go to the dentists in an hour,0,ham
Pls give her the food preferably pap very slowly with loads of sugar. You can take up to an hour to give it. And then some water. Very very slowly.,0,ham
hi my darlin im on my way to London and we have just been smashed into by another driver! and have a big dent! im really missing u what have u been up to? xxx,0,ham
Well she's in for a big surprise!,0,ham
"The guy at the car shop who was flirting with me got my phone number from the paperwork and called and texted me. I'm nervous because of course now he may have my address. Should i call his boss and tell him, knowing this may get him fired?",0,ham
What you did in  leave.,0,ham
"I dun thk i'll quit yet... Hmmm, can go jazz ? Yogasana oso can... We can go meet em after our lessons den...",0,ham
"Shit that is really shocking and scary, cant imagine for a second. Def up for night out. Do u think there is somewhere i could crash for night, save on taxi?",0,ham
Check mail.i have mailed varma and kept copy to you regarding membership.take care.insha allah.,0,ham
This girl does not stay in bed. This girl doesn't need recovery time. Id rather pass out while having fun then be cooped up in bed,0,ham
There are many company. Tell me the language.,0,ham
No I don't have cancer. Moms making a big deal out of a regular checkup aka pap smear,0,ham
Okie ü wan meet at bishan? Cos me at bishan now. I'm not driving today.,0,ham
"Aiyo... U always c our ex one... I dunno abt mei, she haven reply... First time u reply so fast... Y so lucky not workin huh, got bao by ur sugardad ah...gee..",0,ham
"U can WIN £100 of Music Gift Vouchers every week starting NOW Txt the word DRAW to 87066 TsCs www.ldew.com SkillGame,1Winaweek, age16.150ppermessSubscription",1,spam
I am going to sao mu today. Will be done only at 12,0,ham
Hi :)finally i completed the course:),0,ham
So how are you really. What are you up to. How's the masters. And so on.,0,ham
"Hmm ok, i'll stay for like an hour cos my eye is really sore!",0,ham
The search 4 happiness is 1 of d main sources of unhappiness! Accept life the way it comes! U will find happiness in every moment u live.,0,ham
2mro i am not coming to gym machan. Goodnight.,0,ham
Well its not like you actually called someone a punto. That woulda been worse.,0,ham
We tried to contact you re your reply to our offer of a Video Handset? 750 anytime any networks mins? UNLIMITED TEXT? Camcorder? Reply or call 08000930705 NOW,1,spam
I will treasure every moment we spend together...,0,ham
Prabha..i'm soryda..realy..frm heart i'm sory,0,ham
"I got arrested for possession at, I shit you not,  &lt;TIME&gt;  pm",0,ham
Hi its Kate it was lovely to see you tonight and ill phone you tomorrow. I got to sing and a guy gave me his card! xxx,0,ham
Wot u up 2 u weirdo?,0,ham
And pls pls drink plenty plenty water,0,ham
"Thanks for your ringtone order, reference number X49. Your mobile will be charged 4.50. Should your tone not arrive please call customer services 09065989182. From: [colour=red]text[/colour]TXTstar",1,spam
"Sir, i am waiting for your call.",0,ham
"Yeah, probably but not sure. Ilol let u know, but personally I wuldnt bother, then again if ur goin to then I mite as well!!",0,ham
"Got what it takes 2 take part in the WRC Rally in Oz? U can with Lucozade Energy! Text RALLY LE to 61200 (25p), see packs or lucozade.co.uk/wrc & itcould be u!",1,spam
K come to nordstrom when you're done,0,ham
"Actually fuck that, just do whatever, do find an excuse to be in tampa at some point before january though",0,ham
URGENT! We are trying to contact U. Todays draw shows that you have won a £800 prize GUARANTEED. Call 09050001808 from land line. Claim M95. Valid12hrs only,1,spam
URGENT! We are trying to contact U. Todays draw shows that you have won a £800 prize GUARANTEED. Call 09050001295 from land line. Claim A21. Valid 12hrs only,1,spam
Did u receive my msg?,0,ham
Hmm thinking lor...,0,ham
"3 FREE TAROT TEXTS! Find out about your love life now! TRY 3 FOR FREE! Text CHANCE to 85555 16 only! After 3 Free, Msgs £1.50 each",1,spam
R ü comin back for dinner?,0,ham
I can ask around but there's not a lot in terms of mids up here,0,ham
No. Yes please. Been swimming?,0,ham
they released another Italian one today and it has a cosign option,0,ham
At home also.,0,ham
Too late. I said i have the website. I didn't i have or dont have the slippers,0,ham
Do you want 750 anytime any network mins 150 text and a NEW video phone for only five pounds per week call 08000776320 now or reply for delivery Tomorrow,1,spam
I.ll hand her my phone to chat wit u,0,ham
Haven't heard anything and he's not answering my texts so I'm guessing he flaked. That said the jb is fantastic,0,ham
"Congratulations - Thanks to a good friend U have WON the £2,000 Xmas prize. 2 claim is easy, just call 08712103738 NOW! Only 10p per minute. BT-national-rate",1,spam
"Its ok chikku, and its my 1 of favourite song..:-)",0,ham
Ugh. Gotta drive back to sd from la. My butt is sore.,0,ham
from www.Applausestore.com MonthlySubscription@50p/msg max6/month T&CsC web age16 2stop txt stop,1,spam
"Sorry, I'll call later in meeting any thing related to trade please call Arul. &lt;#&gt;",0,ham
Headin towards busetop,0,ham
"Good afternoon, my love. It was good to see your words on YM and get your tm. Very smart move, my slave ... *smiles* ... I drink my coffee and await you.",0,ham
So what did the bank say about the money?,0,ham
Aight sorry I take ten years to shower. What's the plan?,0,ham
"Actually nvm, got hella cash, we still on for  &lt;#&gt; ish?",0,ham
Aiyar u so poor thing... I give u my support k... Jia you! I'll think of u...,0,ham
We have all rounder:)so not required:),0,ham
Well keep in mind I've only got enough gas for one more round trip barring a sudden influx of cash,0,ham
"Pity, * was in mood for that. So...any other suggestions?",0,ham
"For ur chance to win a £250 wkly shopping spree TXT: SHOP to 80878. T's&C's www.txt-2-shop.com custcare 08715705022, 1x150p/wk",1,spam
God's love has no limit. God's grace has no measure. God's power has no boundaries. May u have God's endless blessings always in ur life...!! Gud ni8,0,ham
Hi dude hw r u da realy mising u today,0,ham
"Oh, i will get paid. The most outstanding one is for a commercial i did for Hasbro...in AUGUST! They made us jump through so many hoops to get paid. Still not.",0,ham
hows my favourite person today? r u workin hard? couldn't sleep again last nite nearly rang u at 4.30,0,ham
U dun say so early hor... U c already then say...,0,ham
Oh k.k..where did you take test?,0,ham
URGENT! Your Mobile number has been awarded with a £2000 prize GUARANTEED. Call 09058094454 from land line. Claim 3030. Valid 12hrs only,1,spam
Oh k.i think most of wi and nz players unsold.,0,ham
"Yep, the great loxahatchee xmas tree burning of  &lt;#&gt;  starts in an hour",0,ham
Aight do you still want to get money,0,ham
Lol ok ill try to send. Be warned Sprint is dead slow. You'll prolly get it tomorrow,0,ham
"Yetunde, i'm sorry but moji and i seem too busy to be able to go shopping. Can you just please find some other way to get what you wanted us to get. Please forgive me. You can reply free via yahoo messenger.",0,ham
Shb b ok lor... Thanx...,0,ham
"Yeah, probably earlier than that",0,ham
I'm done...,0,ham
Dude got a haircut. Now its breezy up there,0,ham
What I'm saying is if you haven't explicitly told nora I know someone I'm probably just not gonna bother,0,ham
Yup but not studying surfing lor. I'm in e lazy mode today.,0,ham
UR awarded a City Break and could WIN a £200 Summer Shopping spree every WK. Txt STORE to 88039.SkilGme.TsCs087147403231Winawk!Age16+£1.50perWKsub,1,spam
And also I've sorta blown him off a couple times recently so id rather not text him out of the blue looking for weed,0,ham
I can make lasagna for you... vodka...,0,ham
Yo you guys ever figure out how much we need for alcohol? Jay and I are trying to figure out how much we can safely spend on weed,0,ham
Can help u swoop by picking u up from wherever ur other birds r meeting if u want.,0,ham
Not sure I have the stomach for it ...,0,ham
She's fine. Good to hear from you. How are you my dear? Happy new year oh.,0,ham
Still in the area of the restaurant. Ill try to come back soon,0,ham
"That's fine, I'll bitch at you about it later then",0,ham
How do friends help us in problems? They give the most stupid suggestion that Lands us into another problem and helps us forgt the previous problem,0,ham
Oh yah... We never cancel leh... Haha,0,ham
"Ya ok, then had dinner?",0,ham
Apps class varaya elaya.,0,ham
"I'm back &amp; we're packing the car now, I'll let you know if there's room",0,ham
"Lol, oh you got a friend for the dog ?",0,ham
Pls call me da. What happen.,0,ham
"Damn, can you make it tonight or do you want to just wait til tomorrow",0,ham
XMAS Prize draws! We are trying to contact U. Todays draw shows that you have won a £2000 prize GUARANTEED. Call 09058094565 from land line. Valid 12hrs only,1,spam
The basket's gettin full so I might be by tonight,0,ham
K then 2marrow are you coming to class.,0,ham
I know you are. Can you pls open the back?,0,ham
Dont hesitate. You know this is the second time she has had weakness like that. So keep i notebook of what she eat and did the day before or if anything changed the day before so that we can be sure its nothing,0,ham
"Oh, then your phone phoned me but it disconnected",0,ham
Good evening! this is roger. How are you?,0,ham
"Gr8 Poly tones 4 ALL mobs direct 2u rply with POLY TITLE to 8007 eg POLY BREATHE1 Titles: CRAZYIN, SLEEPINGWITH, FINEST, YMCA :getzed.co.uk POBox365O4W45WQ 300p",1,spam
HI DARLIN ITS KATE ARE U UP FOR DOIN SOMETHIN TONIGHT? IM GOING TO A PUB CALLED THE SWAN OR SOMETHING WITH MY PARENTS FOR ONE DRINK SO PHONE ME IF U CAN,0,ham
I AM AT A PARTY WITH ALEX NICHOLS,0,ham
No just send to you. Bec you in temple na.,0,ham
Free 1st week entry 2 TEXTPOD 4 a chance 2 win 40GB iPod or £250 cash every wk. Txt VPOD to 81303 Ts&Cs www.textpod.net custcare 08712405020.,1,spam
The bus leaves at  &lt;#&gt;,0,ham
After completed degree. There is no use in joining finance.,0,ham
Thats cool! Sometimes slow and gentle. Sonetimes rough and hard :),0,ham
Still in customer place,0,ham
I might come to kerala for 2 days.so you can be prepared to take a leave once i finalise .dont plan any travel during my visit.need to finish urgent works.,0,ham
Future is not what we planned for tomorrow.....! it is the result of what we do today...! Do the best in present... enjoy the future.,0,ham
He like not v shock leh. Cos telling shuhui is like telling leona also. Like dat almost all know liao. He got ask me abt ur reaction lor.,0,ham
Did u download the fring app?,0,ham
A guy who gets used but is too dumb to realize it.,0,ham
"I'm back, lemme know when you're ready",0,ham
From next month get upto 50% More Calls 4 Ur standard network charge 2 activate Call 9061100010 C Wire3.net 1st4Terms PoBox84 M26 3UZ Cost £1.50 min MobcudB more,1,spam
You are gorgeous! keep those pix cumming :) thank you!,0,ham
No. I dont want to hear anything,0,ham
Oh...i asked for fun. Haha...take care. ü,0,ham
Thats cool. I want to please you...,0,ham
No. Thank you. You've been wonderful,0,ham
Ü dun need to pick ur gf?,0,ham
Really good:)dhanush rocks once again:),0,ham
Pls accept me for one day. Or am begging you change the number.,0,ham
"There'll be a minor shindig at my place later tonight, you interested?",0,ham
I know! Grumpy old people. My mom was like you better not be lying. Then again I am always the one to play jokes...,0,ham
Dont show yourself. How far. Put new pictures up on facebook.,0,ham
"Aight text me when you're back at mu and I'll swing by, need somebody to get the door for me",0,ham
Hey mr whats the name of that bill brison book the one about language and words,0,ham
Have you bookedthe hut? And also your time off? How are you by the way?,0,ham
Omg how did u know what I ate?,0,ham
Hey ! Don't forget ... You are MINE ... For ME ... My possession ... MY property ... MMM ... *childish smile* ...,0,ham
K..k:)how much does it cost?,0,ham
Lol ... I really need to remember to eat when I'm drinking but I do appreciate you keeping me company that night babe *smiles*,0,ham
Ok... Let u noe when i leave my house.,0,ham
I thk ü gotta go home by urself. Cos i'll b going out shopping 4 my frens present.,0,ham
Oooh I got plenty of those!,0,ham
I want to be inside you every night...,0,ham
I am great princess! What are you thinking about me? :),0,ham
"Babe, I need your advice",0,ham
2p per min to call Germany 08448350055 from your BT line. Just 2p per min. Check PlanetTalkInstant.com for info & T's & C's. Text stop to opt out,1,spam
This phone has the weirdest auto correct.,0,ham
"Lol ... Oh no babe, I wont be sliding into your place after midnight, but thanks for the invite",0,ham
"Nt only for driving even for many reasons she is called BBD..thts it chikku, then hw abt dvg cold..heard tht vinobanagar violence hw is the condition..and hw ru ? Any problem?",0,ham
Now only i reached home. . . I am very tired now. . I will come tomorro,0,ham
"Feb  &lt;#&gt;  is ""I LOVE U"" day. Send dis to all ur ""VALUED FRNDS"" evn me. If 3 comes back u'll gt married d person u luv! If u ignore dis u will lose ur luv 4 Evr",0,ham
Beautiful truth : Expression of the face could Be seen by everyone... But the depression of heart Could be understood only By the Loved ones.. Gud Ni8;-),0,ham
The battery is for mr adewale my uncle. Aka Egbon,0,ham
"Aight will do, thanks again for comin out",0,ham
SO IS TH GOWER MATE WHICH IS WHERE I AM!?! HOW R U MAN? ALL IS GOOD IN WALES ILL B BACK MORROW. C U THIS WK? WHO WAS THE MSG 4?  RANDOM!,0,ham
"Hi, my love! How goes that day? Fuck, this morning I woke and dropped my cell on the way down the stairs but it seems alright ... *phews* I miss you !",0,ham
Hey tmr meet at bugis 930 ?,0,ham
Haven't left yet so probably gonna be here til dinner,0,ham
Come to medical college at 7pm ......forward it da,0,ham
"Thank you. And by the way, I just lost.",0,ham
Great comedy..cant stop laughing da:),0,ham
"K I'm leaving soon, be there a little after 9",0,ham
Ya very nice. . .be ready on thursday,0,ham
Hey darlin.. i can pick u up at college if u tell me wen & where 2 mt.. love Pete xx,0,ham
I dont want to hear philosophy. Just say what happen,0,ham
"Not yet chikku..going to room nw, i'm in bus..",0,ham
"Cool, we shall go and see, have to go to tip anyway. Are you at home, got something to drop in later? So lets go to town tonight! Maybe mum can take us in.",0,ham
"Happy new year to u and ur family...may this new year bring happiness , stability and tranquility to ur vibrant colourful life:):)",0,ham
If I get there before you after your ten billion calls and texts so help me god,0,ham
Will do. Was exhausted on train this morning. Too much wine and pie. You sleep well too,0,ham
"Urgent! call 09066350750 from your landline. Your complimentary 4* Ibiza Holiday or 10,000 cash await collection SAE T&Cs PO BOX 434 SK3 8WP 150 ppm 18+",1,spam
Ultimately tor motive tui achieve korli.,0,ham
8007 25p 4 Alfie Moon's Children in Need song on ur mob. Tell ur m8s. Txt TONE CHARITY to 8007 for nokias or POLY CHARITY for polys :zed 08701417012 profit 2 charity,1,spam
Hey you still want to go for yogasana? Coz if we end at cine then can go bathe and hav the steam bath,0,ham
R u sure they'll understand that! Wine * good idea just had a slurp!,0,ham
EY! CALM DOWNON THEACUSATIONS.. ITXT U COS IWANA KNOW WOTU R DOIN AT THEW/END... HAVENTCN U IN AGES..RING ME IF UR UP4 NETHING SAT.LOVE J XXX.,0,ham
on hen night. Going with a swing,0,ham
This pen thing is beyond a joke. Wont a Biro do? Don't do a masters as can't do this ever again!,0,ham
Ard 4 lor...,0,ham
"Party's at my place at usf, no charge (but if you can contribute in any way it is greatly appreciated) and yeah, we got room for one more",0,ham
if you aren't here in the next  &lt;#&gt;  hours imma flip my shit,0,ham
"Probably, want to pick up more?",0,ham
Bognor it is! Should be splendid at this time of year.,0,ham
I'm always looking for an excuse to be in the city.,0,ham
Hiya do u like the hlday pics looked horrible in them so took mo out! Hows the camp Amrca thing? Speak soon Serena:),0,ham
Do you always celebrate NY's with your family ?,0,ham
Shall i come to get pickle,0,ham
Where are you ? You said you would be here when I woke ... :-(,0,ham
"idc get over here, you are not weaseling your way out of this shit twice in a row",0,ham
Dai  &lt;#&gt;  naal eruku.,0,ham
"Hey babe, my friend had to cancel, still up for a visit ?",0,ham
Also where's the piece,0,ham
R u here yet? I'm wearing blue shirt n black pants.,0,ham
Been up to ne thing interesting. Did you have a good birthday? When are u wrking nxt? I started uni today.,0,ham
When is school starting. Where will you stay. What's the weather like. And the food. Do you have a social support system like friends in the school. All these things are important.,0,ham
I think chennai well settled?,0,ham
I wan but too early lei... Me outside now wun b home so early... Neva mind then...,0,ham
I think its far more than that but find out. Check google maps for a place from your dorm.,0,ham
Waiting 4 my tv show 2 start lor... U leh still busy doing ur report?,0,ham
"Wait that's still not all that clear, were you not sure about me being sarcastic or that that's why x doesn't want to live with us",0,ham
Wah... Okie okie... Muz make use of e unlimited... Haha...,0,ham
I've been trying to reach him without success,0,ham
meet you in corporation st outside gap … you can see how my mind is working!,0,ham
"HI HUN! IM NOT COMIN 2NITE-TELL EVERY1 IM SORRY 4 ME, HOPE U AVA GOODTIME!OLI RANG MELNITE IFINK IT MITE B SORTED,BUT IL EXPLAIN EVERYTHIN ON MON.L8RS.x",0,ham
"I think your mentor is , but not 100 percent sure.",0,ham
Great. I was getting worried about you. Just know that a wonderful and caring person like you will have only the best in life. Know that u r wonderful and God's love is yours.,0,ham
No. But we'll do medical missions to nigeria,0,ham
"Aldrine, rakhesh ex RTM here.pls call.urgent.",0,ham
Hi babe its me thanks for coming even though it didnt go that well!i just wanted my bed! Hope to see you soon love and kisses xxx,0,ham
Were somewhere on Fredericksburg,0,ham
"Hi there, 2nights ur lucky night! Uve been invited 2 XCHAT, the Uks wildest chat! Txt CHAT to 86688 now! 150p/MsgrcvdHG/Suite342/2Lands/Row/W1J6HL LDN 18yrs",1,spam
X2  &lt;#&gt; . Are you going to get that,0,ham
Are you the cutest girl in the world or what,0,ham
"Sir Goodmorning, Once free call me.",0,ham
PRIVATE! Your 2003 Account Statement for 07808 XXXXXX shows 800 un-redeemed S. I. M. points. Call 08719899217 Identifier Code: 41685 Expires 07/11/04,1,spam
"Mah b, I'll pick it up tomorrow",0,ham
Do you like shaking your booty on the dance floor?,0,ham
He's just gonna worry for nothing. And he won't give you money its no use.,0,ham
Did u fix the teeth?if not do it asap.ok take care.,0,ham
"Doing nothing, then u not having dinner w us?",0,ham
Aiyar hard 2 type. U later free then tell me then i call n scold n tell u.,0,ham
Get a FREE mobile video player FREE movie. To collect text GO to 89105. Its free! Extra films can be ordered t's and c's apply. 18 yrs only,1,spam
Change windows logoff sound..,0,ham
and  picking them up from various points,0,ham
PRIVATE! Your 2003 Account Statement for shows 800 un-redeemed S. I. M. points. Call 08718738002 Identifier Code: 48922 Expires 21/11/04,1,spam
tells u 2 call 09066358152 to claim £5000 prize. U have 2 enter all ur mobile & personal details @ the prompts. Careful!,1,spam
"Yo, you gonna still be in stock tomorrow/today? I'm trying to get a dubsack",0,ham
I have had two more letters from . I will copy them for you cos one has a message for you. Speak soon,0,ham
"Rose needs water, season needs change, poet needs imagination..My phone needs ur sms and i need ur lovely frndship forever....",0,ham
Someonone you know is trying to contact you via our dating service! To find out who it could be call from your mobile or landline 09064015307 BOX334SK38ch,1,spam
"Just sent again. Do you scream and moan in bed, princess?",0,ham
Finally the match heading towards draw as your prediction.,0,ham
Then why you came to hostel.,0,ham
Hi baby ive just got back from work and i was wanting to see u allday! I hope i didnt piss u off on the phone today. If u are up give me a call xxx,0,ham
I am great! How are you?,0,ham
CHEERS U TEX MECAUSE U WEREBORED! YEAH OKDEN HUNNY R UIN WK SAT?SOUNDS LIKEYOUR HAVIN GR8FUN J! KEEP UPDAT COUNTINLOTS OF LOVEME XXXXX.,0,ham
Congrats kano..whr s the treat maga?,0,ham
"I'm in a meeting, call me later at",0,ham
Just nw i came to hme da..,0,ham
"Haha, my friend tyler literally just asked if you could get him a dubsack",0,ham
BOO BABE! U ENJOYIN YOURJOB? U SEEMED 2 B GETTIN ON WELL HUNNY!HOPE URE OK?TAKE CARE & ILLSPEAK 2U SOONLOTS OF LOVEME XXXX.,0,ham
How are you holding up?,0,ham
Probably earlier than that if the station's where I think it is,0,ham
"The table's occupied, I'm waiting by the tree",0,ham
One of the joys in lifeis waking up each daywith thoughts that somewhereSomeone cares enough tosend a warm morning greeting.. -,0,ham
Dear where you. Call me,0,ham
They finally came to fix the ceiling.,0,ham
HMV BONUS SPECIAL 500 pounds of genuine HMV vouchers to be won. Just answer 4 easy questions. Play Now! Send HMV to 86688 More info:www.100percent-real.com,1,spam
Whatsup there. Dont u want to sleep,0,ham
Dear reached railway. What happen to you,0,ham
"Cool, text me when you head out",0,ham
How are you babes. Hope your doing ok. I had a shit nights sleep. I fell asleep at 5.Im knackered and im dreading work tonight. What are thou upto tonight. X,0,ham
Just haven't decided where yet eh ?,0,ham
"I just lov this line: ""Hurt me with the truth, I don't mind,i wil tolerat.bcs ur my someone..... But, Never comfort me with a lie"" gud ni8 and sweet dreams",0,ham
83039 62735=£450 UK Break AccommodationVouchers terms & conditions apply. 2 claim you mustprovide your claim number which is 15541,1,spam
Meeting u is my work. . . Tel me when shall i do my work tomorrow,0,ham
It has issues right now. Ill fix for her by tomorrow.,0,ham
Our Prashanthettan's mother passed away last night. pray for her and family.,0,ham
No I'm in the same boat. Still here at my moms. Check me out on yo. I'm half naked.,0,ham
Watching tv lor... Y she so funny we bluff her 4 wat. Izzit because she thk it's impossible between us?,0,ham
Will do. Have a good day,0,ham
Had your mobile 11mths ? Update for FREE to Oranges latest colour camera mobiles & unlimited weekend calls. Call Mobile Upd8 on freefone 08000839402 or 2StopTxt,1,spam
You will go to walmart. I.ll stay.,0,ham
R ü going 4 today's meeting?,0,ham
What time you thinkin of goin?,0,ham
"BangBabes Ur order is on the way. U SHOULD receive a Service Msg 2 download UR content. If U do not, GoTo wap. bangb. tv on UR mobile internet/service menu",1,spam
"Just checked out, heading out to drop off my stuff now",0,ham
I want to be there so i can kiss you and feel you next to me,0,ham
Never blame a day in ur life. Good days give u happiness. Bad days give u experience. Both are essential in life! All are Gods blessings! good morning.:,0,ham
"Sorry man my account's dry or I would, if you want we could trade back half or I could buy some shit with my credit card",0,ham
What happen dear. Why you silent. I am tensed,0,ham
Can ü send me a copy of da report?,0,ham
No da..today also i forgot..,0,ham
Urgent! Please call 09061213237 from landline. £5000 cash or a luxury 4* Canary Islands Holiday await collection. T&Cs SAE PO Box 177. M227XY. 150ppm. 16+,1,spam
I know a few people I can hit up and fuck to the yes,0,ham
Happy birthday... May all ur dreams come true...,0,ham
No da. . Vijay going to talk in jaya tv,0,ham
Im good! I have been thinking about you...,0,ham
says the  &lt;#&gt;  year old with a man and money. I'm down to my last  &lt;#&gt; . Still waiting for that check.,0,ham
Wanna have a laugh? Try CHIT-CHAT on your mobile now! Logon by txting the word: CHAT and send it to No: 8883 CM PO Box 4217 London W1A 6ZF 16+ 118p/msg rcvd,1,spam
Water logging in desert. Geoenvironmental implications.,0,ham
A £400 XMAS REWARD IS WAITING FOR YOU! Our computer has randomly picked you from our loyal mobile customers to receive a £400 reward. Just call 09066380611,1,spam
watever reLation u built up in dis world only thing which remains atlast iz lonlines with lotz n lot memories! feeling..,0,ham
"I sent my scores to sophas and i had to do secondary application for a few schools. I think if you are thinking of applying, do a research on cost also. Contact joke ogunrinde, her school is one me the less expensive ones",0,ham
Alright took the morphine. Back in yo.,0,ham
Saw Guys and Dolls last night with Patrick Swayze it was great,0,ham
Please tell me not all of my car keys are in your purse,0,ham
"Dizzamn, aight I'll ask my suitemates when I get back",0,ham
So u workin overtime nigpun?,0,ham
Not tonight mate. Catching up on some sleep. This is my new number by the way.,0,ham
I meant middle left or right?,0,ham
"Sorry pa, i dont knw who ru pa?",0,ham
cThen i thk shd b enuff.. Still got conclusion n contents pg n references.. I'll b doing da contents pg n cover pg..,0,ham
Please give it 2  or i will pick it up on Tuesday evening about 8 if that is ok.,0,ham
"wiskey Brandy Rum Gin Beer Vodka Scotch Shampain Wine ""KUDI""yarasu dhina vaazhthukkal. ..",0,ham
"Oh... Icic... K lor, den meet other day...",0,ham
Shall call now dear having food,0,ham
You lifted my hopes with the offer of money. I am in need. Especially when the end of the month approaches and it hurts my studying. Anyways have a gr8 weekend,0,ham
WE REGRET TO INFORM U THAT THE NHS HAS MADE A MISTAKE.U WERE NEVER ACTUALLY BORN.PLEASE REPORT 2 YOR LOCAL HOSPITAL 2B TERMINATED.WE R SORRY 4 THE INCONVENIENCE,0,ham
"I have 2 sleeping bags, 1 blanket and paper and  phone details. Anything else?",0,ham
RCT' THNQ Adrian for U text. Rgds Vatian,1,spam
You made my day. Do have a great day too.,0,ham
Appt is at &lt;TIME&gt; am. Not my fault u don't listen. I told u twice,0,ham
"Fun fact: although you would think armand would eventually build up a tolerance or some shit considering how much he smokes, he gets fucked up in like 2 hits",0,ham
"Yeah we wouldn't leave for an hour at least, how's 4 sound?",0,ham
How's it feel? Mr. Your not my real Valentine just my yo Valentine even tho u hardly play!!,0,ham
WHO ARE YOU SEEING?,0,ham
"Living is very simple.. Loving is also simple.. Laughing is too simple.. Winning is tooo simple.. But, Being 'SIMPLE' is very difficult...;-) :-)",0,ham
How come she can get it? Should b quite diff to guess rite...,0,ham
Mm so you asked me not to call radio,0,ham
"You have come into my life and brought the sun ..Shiny down on me, warming my heart. Putting a constant smile on my face ... Making me feel loved and cared for",0,ham
"Dear Voucher Holder, To claim this weeks offer, at you PC please go to http://www.e-tlp.co.uk/expressoffer Ts&Cs apply. To stop texts, txt STOP to 80062",1,spam
Jesus armand really is trying to tell everybody he can find,0,ham
Audrie lousy autocorrect,0,ham
"Faith makes things possible,Hope makes things work,Love makes things beautiful,May you have all three this Christmas!Merry Christmas!",0,ham
Whats the staff name who is taking class for us?,0,ham
Natalie (20/F) is inviting you to be her friend. Reply YES-165 or NO-165 See her: www.SMS.ac/u/natalie2k9 STOP? Send STOP FRND to 62468,1,spam
Oh shut it. Omg yesterday I had a dream that I had 2 kids both boys. I was so pissed. Not only about the kids but them being boys. I even told mark in my dream that he was changing diapers cause I'm not getting owed in the face.,0,ham
Yo do you know anyone  &lt;#&gt;  or otherwise able to buy liquor? Our guy flaked and right now if we don't get a hold of somebody its just 4 loko all night,0,ham
"So you think i should actually talk to him? Not call his boss in the morning? I went to this place last year and he told me where i could go and get my car fixed cheaper. He kept telling me today how much he hoped i would come back in, how he always regretted not getting my number, etc.",0,ham
get ready to moan and scream :),0,ham
Tiwary to rcb.battle between bang and kochi.,0,ham
It's é only $140 ard...É rest all ard $180 at least...Which is é price 4 é 2 bedrm ($900),0,ham
Dont talk to him ever ok its my word.,0,ham
Ok i am on the way to home hi hi,0,ham
Huh but i got lesson at 4 lei n i was thinkin of going to sch earlier n i tot of parkin at kent vale...,0,ham
Lmao but its so fun...,0,ham
All e best 4 ur driving tmr :-),0,ham
Oops my phone died and I didn't even know. Yeah I like it better.,0,ham
"Haha, my legs and neck are killing me and my amigos are hoping to end the night with a burn, think I could swing by in like an hour?",0,ham
So there's a ring that comes with the guys costumes. It's there so they can gift their future yowifes. Hint hint,0,ham
Moji just informed me that you saved our lives. Thanks.,0,ham
todays vodafone numbers ending with 0089(my last four digits) are selected to received a £350 award. If your number matches please call 09063442151 to claim your £350 award,1,spam
"Bloody hell, cant believe you forgot my surname Mr . Ill give u a clue, its spanish and begins with m...",0,ham
"K, makes sense, btw carlos is being difficult so you guys are gonna smoke while I go pick up the second batch and get gas",0,ham
Same as u... Dun wan... Y u dun like me already ah... Wat u doing now? Still eating?,0,ham
"Spoke with uncle john today. He strongly feels that you need to sacrifice to keep me here. He's going to call you. When he does, i beg you to just listen. Dont make any promises or make it clear things are not easy. And i need you to please let us work things out. As long as i keep expecting help, my creativity will be stifled so pls just keep him happy, no promises on your part.",0,ham
When i have stuff to sell i.ll tell you,0,ham
Dorothy@kiefer.com (Bank of Granite issues Strong-Buy) EXPLOSIVE PICK FOR OUR MEMBERS *****UP OVER 300% *********** Nasdaq Symbol CDGT That is a $5.00 per..,1,spam
"Hello from Orange. For 1 month's free access to games, news and sport, plus 10 free texts and 20 photo messages, reply YES. Terms apply: www.orange.co.uk/ow",1,spam
LOL ... Have you made plans for new years?,0,ham
ARE YOU IN TOWN? THIS IS V. IMPORTANT,0,ham
"Go until jurong point, crazy.. Available only in bugis n great world la e buffet... Cine there got amore wat...",0,ham
Omg if its not one thing its another. My cat has worms :/ when does this bad day end?,0,ham
Yo sorry was in the shower sup,0,ham
Also remember the beads don't come off. Ever.,0,ham
Yup... Ok i go home look at the timings then i msg ü again... Xuhui going to learn on 2nd may too but her lesson is at 8am,0,ham
"Aight, I'll text you when I'm back",0,ham
"Good afternoon sexy buns! How goes the job search ? I wake and you are my first thought as always, my love. I wish your fine and happy and know I adore you!",0,ham
"Hmm, too many of them unfortunately... Pics obviously arent hot cakes. Its kinda fun tho",0,ham
"Thursday night? Yeah, sure thing, we'll work it out then",0,ham
"Thanks da thangam, i feel very very happy dear. I also miss you da.",0,ham
They will pick up and drop in car.so no problem..,0,ham
"Think ur smart ? Win £200 this week in our weekly quiz, text PLAY to 85222 now!T&Cs WinnersClub PO BOX 84, M26 3UZ. 16+. GBP1.50/week",1,spam
Lol alright i was thinkin that too haha,0,ham
URGENT! Your Mobile number has been awarded with a £2000 prize GUARANTEED. Call 09058094455 from land line. Claim 3030. Valid 12hrs only,1,spam
Dont forget you can place as many FREE Requests with 1stchoice.co.uk as you wish. For more Information call 08707808226.,1,spam
Yup next stop.,0,ham
"If e timing can, then i go w u lor...",0,ham
Yeah confirmed for you staying at  that weekend,0,ham
No let me do the math. Your not good at it.,0,ham
Its a valentine game. . . Send dis msg to all ur friends. .. If 5 answers r d same then someone really loves u. Ques- which colour suits me the best?rply me,0,ham
"URGENT! You have won a 1 week FREE membership in our £100,000 Prize Jackpot! Txt the word: CLAIM to No: 81010 T&C www.dbuk.net LCCLTD POBOX 4403LDNW1A7RW18",1,spam
Mmm thats better now i got a roast down me! id b better if i had a few drinks down me 2! Good indian?,0,ham
U in town alone?,0,ham
"We are at grandmas. Oh dear, u still ill? I felt Shit this morning but i think i am just hungover! Another night then. We leave on sat.",0,ham
"Ta-Daaaaa! I am home babe, are you still up ?",0,ham
"Waqt se pehle or naseeb se zyada kisi ko kuch nahi milta,Zindgi wo nahi he jo hum sochte hai Zindgi wo hai jo ham jeetey hai..........",0,ham
K..k..i'm also fine:)when will you complete the course?,0,ham
Dont gimme that lip caveboy,0,ham
You do what all you like,0,ham
Getting tickets 4 walsall tue 6 th march. My mate is getting me them on sat. ill pay my treat. Want 2 go. Txt bak .Terry,0,ham
"aight we can pick some up, you open before tonight?",0,ham
Uncle boye. I need movies oh. Guide me. Plus you know torrents are not particularly legal here. And the system is slowing down. What should i do. Have a gr8 day. Plus have you started cos i dont meet you online. How was the honey moon.,0,ham
Gettin rdy to ship comp,0,ham
* Am on a train back from northampton so i'm afraid not!,0,ham
"Dont worry, 1 day very big lambu ji vl come..til then enjoy batchlor party:-)",0,ham
Kallis is ready for bat in 2nd innings,0,ham
"Why is that, princess? I bet the brothas are all chasing you!",0,ham
C movie is juz last minute decision mah. Juz watch 2 lar but i tot ü not interested.,0,ham
Cheers for the message Zogtorius. Ive been staring at my phone for an age deciding whether to text or not.,0,ham
Onum ela pa. Normal than.,0,ham
5 nights...We nt staying at port step liao...Too ex,0,ham
My sister going to earn more than me da.,0,ham
Y dun cut too short leh. U dun like ah? She failed. She's quite sad.,0,ham
Pls ask macho how much is budget for bb bold 2 is cos i saw a new one for  &lt;#&gt;  dollars.,0,ham
Package all your programs well,0,ham
Goin to workout lor... Muz lose e fats...,0,ham
Call to the number which is available in appointment. And ask to connect the call to waheed fathima.,0,ham
I'm home...,0,ham
Our ride equally uneventful - not too many of those pesky cyclists around at that time of night ;).,0,ham
Tell me again what your address is,0,ham
Well boy am I glad G wasted all night at applebees for nothing,0,ham
U still going to the mall?,0,ham
So gd got free ice cream... I oso wan...,0,ham
Sorry i'm not free...,0,ham
"By march ending, i should be ready. But will call you for sure. The problem is that my capital never complete. How far with you. How's work and the ladies",0,ham
Then she buying today? Ü no need to c meh...,0,ham
"If you want to mapquest it or something look up ""usf dogwood drive"", that's the tiny street where the parking lot is",0,ham
Thankyou so much for the call. I appreciate your care.,0,ham
Old Orchard near univ. How about you?,0,ham
"I'm not smoking while people use ""wylie smokes too much"" to justify ruining my shit",0,ham
Dont kick coco when he's down,0,ham
Oic... Then better quickly go bathe n settle down...,0,ham
There are some nice pubs near here or there is Frankie n Bennys near the warner cinema?,0,ham
Nooooooo I'm gonna be bored to death all day. Cable and internet outage.,0,ham
"Fantasy Football is back on your TV. Go to Sky Gamestar on Sky Active and play £250k Dream Team. Scoring starts on Saturday, so register now!SKY OPT OUT to 88088",1,spam
Ding me on ya break fassyole! Blacko from londn,0,ham
I wont get concentration dear you know you are my mind and everything :-),0,ham
So what about you. What do you remember,0,ham
S.s:)i thinl role is like sachin.just standing. Others have to hit.,0,ham
Ya had just now.onion roast.,0,ham
FROM 88066 LOST £12 HELP,1,spam
Let Ur Heart Be Ur Compass Ur Mind Ur Map Ur Soul Ur Guide And U Will Never loose in world....gnun - Sent via WAY2SMS.COM,0,ham
You are a big chic. Common. Declare,0,ham
You are a winner you have been specially selected to receive £1000 cash or a £2000 award. Speak to a live operator to claim call 087123002209am-7pm. Cost 10p,1,spam
Jason says it's cool if we pick some up from his place in like an hour,0,ham
Shopping lor. Them raining mah hard 2 leave orchard.,0,ham
URGENT! We are trying to contact U Todays draw shows that you have won a £800 prize GUARANTEED. Call 09050000460 from land line. Claim J89. po box245c2150pm,1,spam
Long beach lor. Expected... U having dinner now?,0,ham
"Urgent! call 09066612661 from landline. Your complementary 4* Tenerife Holiday or £10,000 cash await collection SAE T&Cs PO Box 3 WA14 2PX 150ppm 18+ Sender: Hol Offer",1,spam
Dunno lei he neva say...,0,ham
Yay! You better not have told that to 5 other girls either.,0,ham
Da my birthdate in certificate is in april but real date is today. But dont publish it. I shall give you a special treat if you keep the secret. Any way thanks for the wishes,0,ham
"Abeg, make profit. But its a start. Are you using it to get sponsors for the next event?",0,ham
Pls come quick cant bare this.,0,ham
Huh so slow i tot u reach long ago liao... U 2 more days only i 4 more leh...,0,ham
How did you find out in a way that didn't include all of these details,0,ham
"Last Chance! Claim ur £150 worth of discount vouchers today! Text SHOP to 85023 now! SavaMob, offers mobile! T Cs SavaMob POBOX84, M263UZ. £3.00 Sub. 16",1,spam
Cancel cheyyamo?and get some money back?,0,ham
Printer is cool. I mean groovy. Wine is groovying,0,ham
O i played smash bros  &lt;#&gt;  religiously.,0,ham
Me fine..absolutly fine,0,ham
"So many people seems to be special at first sight, But only very few will remain special to you till your last sight.. Maintain them till life ends.. take cr da",0,ham
Ok i'm coming home now.,0,ham
Quite lor. But dun tell him wait he get complacent...,0,ham
K..give back my thanks.,0,ham
"Very strange.  and  are watching the 2nd one now but i'm in bed. Sweet dreams, miss u",0,ham
I ask if u meeting da ge tmr nite...,0,ham
"You know, wot people wear. T shirts, jumpers, hat, belt, is all we know. We r at Cribbs",0,ham
"Thats a bit weird, even ?- where is the do supposed to be happening? But good idea, sure they will be in pub!",0,ham
"No, but you told me you were going, before you got drunk!",0,ham
8007 FREE for 1st week! No1 Nokia tone 4 ur mob every week just txt NOKIA to 8007 Get txting and tell ur mates www.getzed.co.uk POBox 36504 W4 5WQ norm 150p/tone 16+,1,spam
"Playin space poker, u?",0,ham
"Nothing, smsing u n xy lor. Sorry lor da guys neva c u in person but they sort of know u lor. So u wan 2 meet them xy ask me 2 bring u along 4 our next meeting.",0,ham
ringtoneking 84484,1,spam
Much better now thanks lol,0,ham
"I guess you could be as good an excuse as any, lol.",0,ham
Boltblue tones for 150p Reply POLY# or MONO# eg POLY3 1. Cha Cha Slide 2. Yeah 3. Slow Jamz 6. Toxic 8. Come With Me or STOP 4 more tones txt MORE,1,spam
"Yun ah.the ubi one say if ü wan call by tomorrow.call 67441233 look for irene.ere only got bus8,22,65,61,66,382. Ubi cres,ubi tech park.6ph for 1st 5wkg days.èn",0,ham
Ok. I only ask abt e movie. U wan ktv oso?,0,ham
Yep get with the program. You're slacking.,0,ham
"Whenevr ur sad, Whenevr ur gray, Remembr im here 2 listn 2 watevr u wanna say, Jus walk wid me a little while,&amp; I promise I'll bring back ur smile.:-)",0,ham
I cant wait for cornwall. Hope tonight isnt too bad as well but its rock night shite. Anyway im going for a kip now have a good night. Speak to you soon.,0,ham
Nope. Meanwhile she talk say make i greet you.,0,ham
I just saw ron burgundy captaining a party boat so yeah,0,ham
Somebody set up a website where you can play hold em using eve online spacebucks,0,ham
Hey i will be really pretty late... You want to go for the lesson first? I will join you. I'm only reaching tp mrt,0,ham
Dunno lei shd b driving lor cos i go sch 1 hr oni.,0,ham
Oh unintentionally not bad timing. Great. Fingers  the trains play along! Will give fifteen min warning.,0,ham
"Huh... Hyde park not in mel ah, opps, got confused... Anyway, if tt's e best choice den we juz have to take it...",0,ham
cud u tell ppl im gona b a bit l8 cos 2 buses hav gon past cos they were full & im still waitin 4 1. Pete x,0,ham
Unfortunately i've just found out that we have to pick my sister up from the airport that evening so don't think i'll be going out at all. We should try to go out one of th,0,ham
Can't take any major roles in community outreach. You rock mel,0,ham
You are awarded a SiPix Digital Camera! call 09061221061 from landline. Delivery within 28days. T Cs Box177. M221BP. 2yr warranty. 150ppm. 16 . p p£3.99,1,spam
Ok u can take me shopping when u get paid =D,0,ham
Why are u up so early?,0,ham
"I am in tirupur da, once you started from office call me.",0,ham
Let me know how to contact you. I've you settled in a room. Lets know you are ok.,0,ham
", how's things? Just a quick question.",0,ham
I take it we didn't have the phone callon Friday. Can we assume we won't have it this year now?,0,ham
Just come home. I don't want u to be miserable,0,ham
PRIVATE! Your 2003 Account Statement for shows 800 un-redeemed S. I. M. points. Call 08719899230 Identifier Code: 41685 Expires 07/11/04,1,spam
"Goodnight, sleep well da please take care pa. Please.",0,ham
I send the print  outs da.,0,ham
Hi Princess! Thank you for the pics. You are very pretty. How are you?,0,ham
Aiyo a bit pai seh ü noe... Scared he dun rem who i am then die... Hee... But he become better lookin oredi leh...,0,ham
Wat r u doing?,0,ham
I REALLY NEED 2 KISS U I MISS U MY BABY FROM UR BABY 4EVA,0,ham
Im just wondering what your doing right now?,0,ham
have * good weekend.,0,ham
How come?,0,ham
Speaking of does he have any cash yet?,0,ham
Lol well don't do it without me. We could have a big sale together.,0,ham
Thats cool. i am a gentleman and will treat you with dignity and respect.,0,ham
Oi when you gonna ring,0,ham
Your next amazing xxx PICSFREE1 video will be sent to you enjoy! If one vid is not enough for 2day text back the keyword PICSFREE1 to get the next video.,1,spam
All these nice new shirts and the only thing I can wear them to is nudist themed ;_; you in mu?,0,ham
He telling not to tell any one. If so treat for me hi hi hi,0,ham
"Same, I'm at my great aunts anniversary party in tarpon springs",0,ham
"sorry, no, have got few things to do. may be in pub later.",0,ham
S:)but he had some luck.2 catches put down:),0,ham
Hi ....My engagement has been fixd on  &lt;#&gt; th of next month. I know its really shocking bt....hmm njan vilikkam....t ws al of a sudn;-(.,0,ham
Surely result will offer:),0,ham
So wat's da decision?,0,ham
Then u drive lor.,0,ham
Hurry home. Soup is DONE!,0,ham
"Pete,is this your phone still? Its Jenny from college and Leanne.what are you up to now?:)",0,ham
Yes. Rent is very expensive so its the way we save.,0,ham
FREE entry into our £250 weekly comp just send the word ENTER to 84128 NOW. 18 T&C www.textcomp.com cust care 08712405020.,1,spam
I told your number to gautham..,0,ham
Do you want a New Nokia 3510i Colour Phone Delivered Tomorrow? With 200 FREE minutes to any mobile + 100 FREE text + FREE camcorder Reply or Call 08000930705,1,spam
"I think we're going to finn's now, come",0,ham
Yar i wanted 2 scold u yest but late already... I where got zhong se qing you? If u ask me b4 he ask me then i'll go out w u all lor. N u still can act so real.,0,ham
If You mean the website. Yes.,0,ham
HI BABE IM AT HOME NOW WANNA DO SOMETHING? XX,0,ham
ELLO BABE U OK?,0,ham
S...from the training manual it show there is no tech process:)its all about password reset and troubleshooting:),0,ham
"Chinatown got porridge, claypot rice, yam cake, fishhead beehoon... Either we eat cheap den go cafe n tok or go nydc or somethin...",0,ham
Guess what! Somebody you know secretly fancies you! Wanna find out who it is? Give us a call on 09065394514 From Landline DATEBox1282EssexCM61XN 150p/min 18,1,spam
Hi kindly give us back our documents which we submitted for loan from STAPATI,0,ham
Got but got 2 colours lor. One colour is quite light n e other is darker lor. Actually i'm done she's styling my hair now.,0,ham
Gain the rights of a wife.dont demand it.i am trying as husband too.Lets see,0,ham
"My planning usually stops at ""find hella weed, smoke hella weed""",0,ham
How stupid to say that i challenge god.You dont think at all on what i write instead you respond immed.,0,ham
how tall are you princess?,0,ham
Sun ah... Thk mayb can if dun have anythin on... Thk have to book e lesson... E pilates is at orchard mrt u noe hor...,0,ham
Hello boytoy ! Geeee ... I'm missing you today. I like to send you a tm and remind you I'm thinking of you ... And you are loved ... *loving kiss*,0,ham
I wanted to ask ü to wait 4 me to finish lect. Cos my lect finishes in an hour anyway.,0,ham
Mum not going robinson already.,0,ham
At home watching tv lor.,0,ham
Which channel:-):-):):-).,0,ham
Rofl betta invest in some  anti aging products,0,ham
"Watching cartoon, listening music &amp; at eve had to go temple &amp; church.. What about u?",0,ham
Studying. But i.ll be free next weekend.,0,ham
Rofl. Its true to its name,0,ham
lyricalladie(21/F) is inviting you to be her friend. Reply YES-910 or NO-910. See her: www.SMS.ac/u/hmmross STOP? Send STOP FRND to 62468,1,spam
I'm still looking for a car to buy. And have not gone 4the driving test yet.,0,ham
TBS/PERSOLVO. been chasing us since Sept for£38 definitely not paying now thanks to your information. We will ignore them. Kath. Manchester.,1,spam
"Loan for any purpose £500 - £75,000. Homeowners + Tenants welcome. Have you been previously refused? We can still help. Call Free 0800 1956669 or text back 'help'",1,spam
Yo dude guess who just got arrested the other day,0,ham
Can i meet ü at 5.. As 4 where depends on where ü wan 2 in lor..,0,ham
Oh ok no prob..,0,ham
Yeah do! Don‘t stand to close tho- you‘ll catch something!,0,ham
thanks for the temales it was wonderful. Thank. Have a great week.,0,ham
Thanks for this hope you had a good day today,0,ham
"Two fundamentals of cool life: ""Walk, like you are the KING""...! OR ""Walk like you Dont care,whoever is the KING""!... Gud nyt",0,ham
"Sorry, was in the bathroom, sup",0,ham
Go where n buy? Juz buy when we get there lar.,0,ham
Oops. 4 got that bit.,0,ham
K..k...from tomorrow onwards started ah?,0,ham
"alright, I'll make sure the car is back tonight",0,ham
URGENT! We are trying to contact you. Last weekends draw shows that you have won a £900 prize GUARANTEED. Call 09061701851. Claim code K61. Valid 12hours only,1,spam
"Sorry, I'll call later in meeting.",0,ham
Doing my masters. When will you buy a bb cos i have for sale and how's bf,0,ham
"I'd say that's a good sign but, well, you know my track record at reading women",0,ham
"It wont b until 2.15 as trying 2 sort house out, is that ok?",0,ham
Haf u found him? I feel so stupid da v cam was working.,0,ham
That's one of the issues but california is okay. No snow so its manageable,0,ham
"Night has ended for another day, morning has come in a special way. May you smile like the sunny rays and leaves your worries at the blue blue bay. Gud mrng",0,ham
Ok then i'll let him noe later n ask him call u tmr...,0,ham
THANX 4 PUTTIN DA FONE DOWN ON ME!!,0,ham
Did u see what I posted on your Facebook?,0,ham
Ok not a problem will get them a taxi. C ing  tomorrow and tuesday. On tuesday think we r all going to the cinema.,0,ham
Aight ill get on fb in a couple minutes,0,ham
"How long has it been since you screamed, princess?",0,ham
Do you like Italian food?,0,ham
Do you still have the grinder?,0,ham
Great! I shoot big loads so get ready!,0,ham
No. On the way home. So if not for the long dry spell the season would have been over,0,ham
Wait  &lt;#&gt;  min..,0,ham
Ugh fuck it I'm resubbing to eve,0,ham
Yup... I havent been there before... You want to go for the yoga? I can call up to book,0,ham
When you guys planning on coming over?,0,ham
For real when u getting on yo? I only need 2 more tickets and one more jacket and I'm done. I already used all my multis.,0,ham
Hui xin is in da lib.,0,ham
I dont know why she.s not getting your messages,0,ham
&lt;DECIMAL&gt; m but its not a common car here so its better to buy from china or asia. Or if i find it less expensive. I.ll holla,0,ham
"Hi. Hope ur day * good! Back from walk, table booked for half eight. Let me know when ur coming over.",0,ham
"Also north carolina and texas atm, you would just go to the gre site and pay for the test results to be sent.",0,ham
You sure your neighbors didnt pick it up,0,ham
Yeah I don't see why not,0,ham
Howz that persons story,0,ham
"Just got some gas money, any chance you and the gang want to go on a grand nature adventure?",0,ham
Well if I'm that desperate I'll just call armand again,0,ham
Don know..wait i will check it.,0,ham
No. I meant the calculation is the same. That  &lt;#&gt; units at  &lt;#&gt; . This school is really expensive. Have you started practicing your accent. Because its important. And have you decided if you are doing 4years of dental school or if you'll just do the nmde exam.,0,ham
We left already we at orchard now.,0,ham
Dun b sad.. It's over.. Dun thk abt it already. Concentrate on ur other papers k.,0,ham
Did u got that persons story,0,ham
Aft i finish my lunch then i go str down lor. Ard 3 smth lor. U finish ur lunch already?,0,ham
Update your face book status frequently :),0,ham
U have a secret admirer who is looking 2 make contact with U-find out who they R*reveal who thinks UR so special-call on 09058094565,1,spam
Miserable. They don't tell u that the side effects of birth control are massive gut wrenching cramps for the first 2 months. I didn't sleep at all last night.,0,ham
Ur cash-balance is currently 500 pounds - to maximize ur cash-in now send GO to 86688 only 150p/msg. CC: 08718720201 PO BOX 114/14 TCR/W1,1,spam
"Sorry my roommates took forever, it ok if I come by now?",0,ham
"K, wat s tht incident?",0,ham
My uncles in Atlanta. Wish you guys a great semester.,0,ham
Yeah whatever lol,0,ham
Lol wtf random. Btw is that your lunch break,0,ham
"Good good, billy mates all gone. Just been jogging, again! Did enjoy concert?",0,ham
Free Top ringtone -sub to weekly ringtone-get 1st week free-send SUBPOLY to 81618-?3 per week-stop sms-08718727870,1,spam
LIFE has never been this much fun and great until you came in. You made it truly special for me. I won't forget you! enjoy @ one gbp/sms,1,spam
"No dude, its not fake..my frnds got money, thts y i'm reffering u..if u member wit my mail link, u vl be credited  &lt;#&gt; rs and il be getiing  &lt;#&gt; rs..i can draw my acc wen it is  &lt;#&gt; rs..",0,ham
"Haha good to hear, I'm officially paid and on the market for an 8th",0,ham
"Isn't frnd a necesity in life? imagine urself witout a frnd.. hw'd u feel at ur colleg? wat'll u do wth ur cell? wat abt functions? thnk abt events espe'll cared, missed &amp; irritated u? 4wrd it to all those dear-loving frnds wthout whom u cant live.. I jst did it.. Takecare..:) GOODMORNING",0,ham
"If we hit it off, you can move in with me :)",0,ham
Cheers for the card ... Is it that time of year already?,0,ham
Just now saw your message.it k da:),0,ham
Mathews or tait or edwards or anderson,0,ham
"SHIT BABE.. THASA BIT MESSED UP.YEH, SHE SHUDVETOLD U. DID URGRAN KNOW?NEWAY, ILLSPEAK 2 U2MORO WEN IM NOT ASLEEP...",0,ham
"If you don't, your prize will go to another customer. T&C at www.t-c.biz 18+ 150p/min Polo Ltd Suite 373 London W1J 6HL Please call back if busy",1,spam
I want to sent  &lt;#&gt; mesages today. Thats y. Sorry if i hurts,0,ham
Enjoy urself tmr...,0,ham
"Gosh that , what a pain. Spose I better come then.",0,ham
TELL HER I SAID EAT SHIT.,0,ham
My stomach has been thru so much trauma I swear I just can't eat. I better lose weight.,0,ham
"Im cool ta luv but v.tired 2 cause i have been doin loads of planning all wk, we have got our social services inspection at the nursery! Take care & spk sn x.",0,ham
Hi happy birthday. Hi hi hi hi hi hi hi,0,ham
"Bored of speed dating? Try SPEEDCHAT, txt SPEEDCHAT to 80155, if you don't like em txt SWAP and get a new chatter! Chat80155 POBox36504W45WQ 150p/msg rcd 16",1,spam
"HOT LIVE FANTASIES call now 08707500020 Just 20p per min NTT Ltd, PO Box 1327 Croydon CR9 5WB 0870 is a national rate call",1,spam
Pls speak to that customer machan.,0,ham
True lov n care wil nevr go unrecognized. though somone often makes mistakes when valuing it. but they will definitly undrstnd once when they start missing it.,0,ham
"Customer place, i wil cal u sir.",0,ham
Will it help if we propose going back again tomorrow,0,ham
Free any day but i finish at 6 on mon n thurs...,0,ham
Ok Chinese food on its way. When I get fat you're paying for my lipo.,0,ham
I borrow ur bag ok.,0,ham
If we win its really no 1 side for long time.,0,ham
Yo! Howz u? girls never rang after india. L,0,ham
"Better than bb. If he wont use it, his wife will or them doctor",0,ham
Think I could stop by in like an hour or so? My roommate's looking to stock up for a trip,0,ham
BIG BROTHER ALERT! The computer has selected u for 10k cash or #150 voucher. Call 09064018838. NTT PO Box CRO1327 18+ BT Landline Cost 150ppm mobiles vary,1,spam
"I'll get there at 3, unless you guys want me to come some time sooner",0,ham
The guy did some bitching but I acted like i'd be interested in buying something else next week and he gave it to us for free,0,ham
SMS AUCTION You have won a Nokia 7250i. This is what you get when you win our FREE auction. To take part send Nokia to 86021 now. HG/Suite342/2Lands Row/W1JHL 16+,1,spam
"Nah it's straight, if you can just bring bud or drinks or something that's actually a little more useful than straight cash",0,ham
U really pig leh sleep so much. My dad wake me up at 10 smth 2 eat lunch today.,0,ham
Weightloss! No more girl friends. Make loads of money on ebay or something. And give thanks to God.,0,ham
Ok..,0,ham
Did you catch the bus ? Are you frying an egg ? Did you make a tea? Are you eating your mom's left over dinner ? Do you feel my Love ?,0,ham
Yup no more already... Thanx 4 printing n handing it up.,0,ham
either way works for me. I am  &lt;#&gt;  years old. Hope that doesnt bother you.,0,ham
Super msg da:)nalla timing.,0,ham
That day you asked about anand number. Why:-),0,ham
"You have won ?1,000 cash or a ?2,000 prize! To claim, call09050000327",1,spam
Okay but i thought you were the expert,0,ham
Ü still attending da talks?,0,ham
3 pa but not selected.,0,ham
"I've got ten bucks, jay is being noncomittal",0,ham
Ard 530 like dat lor. We juz meet in mrt station then ü dun haf to come out.,0,ham
None of that's happening til you get here though,0,ham
Ill call you evening ill some ideas.,0,ham
I reach home safe n sound liao...,0,ham
Ok i will tell her to stay out. Yeah its been tough but we are optimistic things will improve this month.,0,ham
I am in hospital da. . I will return home in evening,0,ham
"Hello, As per request from  &lt;#&gt;  Rs.5 has been transfered to you",0,ham
Lol for real. She told my dad I have cancer,0,ham
1's reach home call me.,0,ham
No probs hon! How u doinat the mo?,0,ham
"Ah, well that confuses things, doesnt it? I thought was friends with now. Maybe i did the wrong thing but i already sort of invited -tho he may not come cos of money.",0,ham
It just seems like weird timing that the night that all you and g want is for me to come smoke is the same day as when a shitstorm is attributed to me always coming over and making everyone smoke,0,ham
Hi here. have birth at on the  to  at 8lb 7oz. Mother and baby doing brilliantly.,0,ham
2marrow only. Wed at  &lt;#&gt;  to 2 aha.,0,ham
"I hav almost reached. Call, i m unable to connect u.",0,ham
Today i'm not workin but not free oso... Gee... Thgt u workin at ur fren's shop ?,0,ham
Then mum's repent how?,0,ham
Oh yeah I forgot. U can only take 2 out shopping at once.,0,ham
Ü say until like dat i dun buy ericsson oso cannot oredi lar...,0,ham
1's finish meeting call me.,0,ham
Congratulations ur awarded 500 of CD vouchers or 125gift guaranteed & Free entry 2 100 wkly draw txt MUSIC to 87066,1,spam
Dude we should go sup again,0,ham
i want to grasp your pretty booty :),0,ham
"Urgent! Please call 09066612661 from your landline, your complimentary 4* Lux Costa Del Sol holiday or £1000 CASH await collection. ppm 150 SAE T&Cs James 28, EH74RR",1,spam
U having lunch alone? I now so bored...,0,ham
Sindu got job in birla soft ..,0,ham
Just send a text. We'll skype later.,0,ham
Shall I bring us a bottle of wine to keep us amused? Only joking! I‘ll bring one anyway,0,ham
Do you know what Mallika Sherawat did yesterday? Find out now @  &lt;URL&gt;,0,ham
"Dear,shall mail tonite.busy in the street,shall update you tonite.things are looking ok.varunnathu edukkukayee raksha ollu.but a good one in real sense.",0,ham
HI DARLIN HOW WAS WORK DID U GET INTO TROUBLE? IJUST TALKED TO YOUR MUM ALL MORNING! I HAD A REALLY GOOD TIME LAST NIGHT IM GOIN OUT SOON BUT CALL ME IF U CAN,0,ham
Have you not finished work yet or something?,0,ham
Why tired what special there you had,0,ham
Should I tell my friend not to come round til like  &lt;#&gt; ish?,0,ham
Hmmm.still we dont have opener?,0,ham
So how's scotland. Hope you are not over showing your JJC tendencies. Take care. Live the dream,0,ham
But your brother transfered only  &lt;#&gt;  +  &lt;#&gt; . Pa.,0,ham
And whenever you and i see we can still hook up too.,0,ham
PRIVATE! Your 2003 Account Statement for shows 800 un-redeemed S.I.M. points. Call 08718738001 Identifier Code: 49557 Expires 26/11/04,1,spam
Normally i use to drink more water daily:),0,ham
Yup... How ü noe leh...,0,ham
I am literally in bed and have been up for like  &lt;#&gt;  hours,0,ham
Had your mobile 11mths ? Update for FREE to Oranges latest colour camera mobiles & unlimited weekend calls. Call Mobile Upd8 on freefone 08000839402 or 2StopTx,1,spam
Macha dont feel upset.i can assume your mindset.believe me one evening with me and i have some wonderful plans for both of us.LET LIFE BEGIN AGAIN.call me anytime,0,ham
Natalja (25/F) is inviting you to be her friend. Reply YES-440 or NO-440 See her: www.SMS.ac/u/nat27081980 STOP? Send STOP FRND to 62468,1,spam
I dont have i shall buy one dear,0,ham
Jay is snickering and tells me that x is totally fucking up the chords as we speak,0,ham
"swhrt how u dey,hope ur ok, tot about u 2day.love n miss.take care.",0,ham
No drama Pls.i have had enough from you and family while i am struggling in the hot sun in a strange place.No reason why there should be an ego of not going 'IF NOT INVITED' when actually its necessity to go.wait for very serious reppurcussions.,0,ham
Good morning. At the repair shop--the ONLY reason i'm up at this hour.,0,ham
Check wid corect speling i.e. Sarcasm,0,ham
Okay... I booked all already... Including the one at bugis.,0,ham
"Aight, let me know when you're gonna be around usf",0,ham
oh ya... Got hip hop open. Haha i was thinking can go for jazz then zoom to cine... Actually tonight i'm free leh... And there's a kb lesson tonight,0,ham
Dad went out oredi...,0,ham
Nothin comes to my mind. Ü help me buy hanger lor. Ur laptop not heavy?,0,ham
Then cant get da laptop? My matric card wif ü lei...,0,ham
I'd like to tell you my deepest darkest fantasies. Call me 09094646631 just 60p/min. To stop texts call 08712460324 (nat rate),1,spam
There's no point hangin on to mr not right if he's not makin u happy,0,ham
Probably a couple hours tops,0,ham
And miss vday the parachute and double coins??? U must not know me very well...,0,ham
Ew are you one of them?,0,ham
I also thk too fast... Xy suggest one not me. U dun wan it's ok. Going 2 rain leh where got gd.,0,ham
Oh that was a forwarded message. I thought you send that to me,0,ham
Went fast asleep dear.take care.,0,ham
Compliments to you. Was away from the system. How your side.,0,ham
"Final Chance! Claim ur £150 worth of discount vouchers today! Text YES to 85023 now! SavaMob, member offers mobile! T Cs SavaMob POBOX84, M263UZ. £3.00 Subs 16",1,spam
Not a drop in the tank,0,ham
I'm now but have to wait till 2 for the bus to pick me.,0,ham
Lol yes. Our friendship is hanging on a thread cause u won't buy stuff.,0,ham
"Night has ended for another day, morning has come in a special way. May you smile like the sunny rays and leaves your worries at the blue blue bay.",0,ham
I'm gonna rip out my uterus.,0,ham
But you dint in touch with me.,0,ham
Am okay. Will soon be over. All the best,0,ham
NO GIFTS!! You trying to get me to throw myself off a cliff or something?,0,ham
"Dude u knw also telugu..thts gud..k, gud nyt..",0,ham
Boo I'm on my way to my moms. She's making tortilla soup. Yummmm,0,ham
"Hello lover! How goes that new job? Are you there now? Are you happy? Do you think of me? I wake, my slave and send you a teasing kiss from across the sea",0,ham
Now got tv 2 watch meh? U no work today?,0,ham
Boo. How's things? I'm back at home and a little bored already :-(,0,ham
So lets make it saturday or monday as per convenience.,0,ham
There is no sense in my foot and penis.,0,ham
"Hello, hello, hi lou sorry it took so long 2 reply- I left mobile at friends in Lancaster, just got it bak Neway im sorry I couldnt make ur bday 2 hun!",0,ham
The whole car appreciated the last two! Dad and are having a map reading semi argument but apart from that things are going ok. P.,0,ham
"Alright omw, gotta change my order to a half8th",0,ham
"Good stuff, will do.",0,ham
I'll probably be around mu a lot,0,ham
Mmmm.... I cant wait to lick it!,0,ham
No message..no responce..what happend?,0,ham
No problem. We will be spending a lot of quality time together...,0,ham
Would you like to see my XXX pics they are so hot they were nearly banned in the uk!,1,spam
Ü neva tell me how i noe... I'm not at home in da aft wat...,0,ham
Ok then u tell me wat time u coming later lor.,0,ham
How's ur paper?,0,ham
Sary just need Tim in the bollox &it hurt him a lot so he tol me!,0,ham
ME 2 BABE I FEEL THE SAME LETS JUST 4GET ABOUT IT+BOTH TRY +CHEER UP+NOT FIT SOO MUCHXXLOVE U LOCAXX,0,ham
"Congrats! 2 mobile 3G Videophones R yours. call 09061744553 now! videochat wid ur mates, play java games, Dload polyH music, noline rentl. bx420. ip4. 5we. 150pm",1,spam
We not watching movie already. Xy wants 2 shop so i'm shopping w her now.,0,ham
"Ya, i'm referin to mei's ex wat... No ah, waitin 4 u to treat, somebody shld b rich liao...So gd, den u dun have to work frm tmr onwards...",0,ham
I miss you so much I'm so desparate I have recorded the message you left for me the other day and listen to it just to hear the sound of your voice. I love you,0,ham
So i'm doing a list of buyers.,0,ham
Lol no. Just trying to make your day a little more interesting,0,ham
"Fighting with the world is easy, u either win or lose bt fightng with some1 who is close to u is dificult if u lose - u lose if u win - u still lose.",0,ham
Tell them the drug dealer's getting impatient,0,ham
Ok... I din get ur msg...,0,ham
"Em, its olowoyey@ usc.edu have a great time in argentina. Not sad about secretary, everything is a blessing",0,ham
"Download as many ringtones as u like no restrictions, 1000s 2 choose. U can even send 2 yr buddys. Txt Sir to 80082 £3",1,spam
"Aight, sounds good. When do you want me to come down?",0,ham
"Frnd s not juz a word.....not merely a relationship.....its a silent promise which says ... "" I will be with YOU "" Wherevr.. Whenevr.. Forevr... Gudnyt dear..",0,ham
&lt;#&gt;  am I think? Should say on syllabus,0,ham
Oh did you charge camera,0,ham
Pls dont restrict her from eating anythin she likes for the next two days.,0,ham
Gud ni8.swt drms.take care,0,ham
He's an adult and would learn from the experience. There's no real danger. I just dont like peeps using drugs they dont need. But no comment,0,ham
Send a logo 2 ur lover - 2 names joined by a heart. Txt LOVE NAME1 NAME2 MOBNO eg LOVE ADAM EVE 07123456789 to 87077 Yahoo! POBox36504W45WQ TxtNO 4 no ads 150p.,1,spam
is your hamster dead? Hey so tmr i meet you at 1pm orchard mrt?,0,ham
Realy sorry-i don't recognise this number and am now confused :) who r u please?!,0,ham
All day working day:)except saturday and sunday..,0,ham
In other news after hassling me to get him weed for a week andres has no money. HAUGHAIGHGTUJHYGUJ,0,ham
"Come around  &lt;DECIMAL&gt; pm vikky..i'm otside nw, il come by tht time",0,ham
No dear i was sleeping :-P,0,ham
Eek that's a lot of time especially since American Pie is like 8 minutes long. I can't stop singing it.,0,ham
The message sent is askin for  &lt;#&gt; dollars. Shoul i pay  &lt;#&gt;  or  &lt;#&gt; ?,0,ham
Lol yes. But it will add some spice to your day.,0,ham
I don't know but I'm raping dudes at poker,0,ham
Sorry. || mail? ||,0,ham
Hi. I'm sorry i missed your call. Can you pls call back.,0,ham
Also that chat was awesome but don't make it regular unless you can see her in person,0,ham
Yar but they say got some error.,0,ham
Ok anyway no need to change with what you said,0,ham
What's a feathery bowa? Is that something guys have that I don't know about?,0,ham
Am watching house – very entertaining – am getting the whole hugh laurie thing – even with the stick – indeed especially with the stick.,0,ham
Was the farm open?,0,ham
URGENT We are trying to contact you Last weekends draw shows u have won a £1000 prize GUARANTEED Call 09064017295 Claim code K52 Valid 12hrs 150p pm,1,spam
At 4. Let's go to bill millers,0,ham
Let me know how it changes in the next 6hrs. It can even be appendix but you are out of that age range. However its not impossible. So just chill and let me know in 6hrs,0,ham
Get your garden ready for summer with a FREE selection of summer bulbs and seeds worth £33:50 only with The Scotsman this Saturday. To stop go2 notxt.co.uk,1,spam
So u wan 2 come for our dinner tonight a not?,0,ham
Went to ganesh dress shop,0,ham
You are a winner you have been specially selected to receive £1000 cash or a £2000 award. Speak to a live operator to claim call 087147123779am-7pm. Cost 10p,1,spam
All done? All handed in? Celebrations in full swing yet?,0,ham
I love ya too but try and budget your money better babe. Gary would freak on me if he knew,0,ham
"yeah, that's what I was thinking",0,ham
More people are dogging in your area now. Call 09090204448 and join like minded guys. Why not arrange 1 yourself. There's 1 this evening. A£1.50 minAPN LS278BB,1,spam
Hurry home u big butt. Hang up on your last caller if u have to. Food is done and I'm starving. Don't ask what I cooked.,0,ham
You are being ripped off! Get your mobile content from www.clubmoby.com call 08717509990 poly/true/Pix/Ringtones/Games six downloads for only 3,1,spam
No da if you run that it activate the full version da.,0,ham
Me too baby! I promise to treat you well! I bet you will take good care of me...,0,ham
Tell me something. Thats okay.,0,ham
Boooo you always work. Just quit.,0,ham
87077: Kick off a new season with 2wks FREE goals & news to ur mobile! Txt ur club name to 87077 eg VILLA to 87077,1,spam
K do I need a login or anything,0,ham
Mm have some kanji dont eat anything heavy ok,0,ham
Yes:)from last week itself i'm taking live call.,0,ham
"YEH I AM DEF UP4 SOMETHING SAT,JUST GOT PAYED2DAY & I HAVBEEN GIVEN A£50 PAY RISE 4MY WORK & HAVEBEEN MADE PRESCHOOLCO-ORDINATOR 2I AM FEELINGOOD LUV",0,ham
"Jay wants to work out first, how's 4 sound?",0,ham
....photoshop makes my computer shut down.,0,ham
"When I was born, GOD said, ""Oh No! Another IDIOT"". When you were born, GOD said, ""OH No! COMPETITION"". Who knew, one day these two will become FREINDS FOREVER!",0,ham
No dear i do have free messages without any recharge. Hi hi hi,0,ham
I dont have any of your file in my bag..i was in work when you called me.i 'll tell you if i find anything in my room.,0,ham
"Babe, have you got enough money to pick up bread and milk ? And I'll give you it back when you get home ?",0,ham
Hi i won't b ard 4 christmas. But do enjoy n merry x'mas.,0,ham
"The fact that you're cleaning shows you know why i'm upset. Your priority is constantly ""what i want to do,"" not ""what i need to do.""",0,ham
I to am looking forward to all the sex cuddling.. Only two more sleeps,0,ham
"I got like $ &lt;#&gt; , I can get some more later though. Get whatever you feel like",0,ham
Nt joking seriously i told,0,ham
On ma way to school. Can you pls send me ashley's number,0,ham
If i said anything wrong sorry de:-),0,ham
"tddnewsletter@emc1.co.uk (More games from TheDailyDraw) Dear Helen, Dozens of Free Games - with great prizesWith..",1,spam
And stop being an old man. You get to build snowman snow angels and snowball fights.,0,ham
HEY MATE! HOWS U HONEY?DID U AVE GOOD HOLIDAY? GIMMI DE GOSS!x,0,ham
"True. It is passable. And if you get a high score and apply for phd, you get 5years of salary. So it makes life easier.",0,ham
"I'm not sure, I was just checking out what was happening around the area",0,ham
"Hey Boys. Want hot XXX pics sent direct 2 ur phone? Txt PORN to 69855, 24Hrs free and then just 50p per day. To stop text STOPBCM SF WC1N3XX",1,spam
No messages on her phone. I'm holding it now,0,ham
Dare i ask... Any luck with sorting out the car?,0,ham
Please sen :)my kind advice :-)please come here and try:-),0,ham
Ok... Sweet dreams...,0,ham
Still chance there. If you search hard you will get it..let have a try :),0,ham
"I think I‘m waiting for the same bus! Inform me when you get there, if you ever get there.",0,ham
Haha okay... Today weekend leh...,0,ham
Ok lor thanx... Ü in school?,0,ham
"Congratulations! Thanks to a good friend U have WON the £2,000 Xmas prize. 2 claim is easy, just call 08718726978 NOW! Only 10p per minute. BT-national-rate",1,spam
Ok. Me watching tv too.,0,ham
"Ya, told..she was asking wats matter?",0,ham
Sunshine Quiz Wkly Q! Win a top Sony DVD player if u know which country the Algarve is in? Txt ansr to 82277. £1.50 SP:Tyrone,1,spam
"Hi frnd, which is best way to avoid missunderstding wit our beloved one's?",0,ham
Carlos'll be here in a minute if you still need to buy,0,ham
Jokin only lar... :-) depends on which phone my father can get lor...,0,ham
network operator. The service is free. For T & C's visit 80488.biz,1,spam
When/where do I pick you up,0,ham
Missing you too.pray inshah allah,0,ham
Mm yes dear look how i am hugging you both. :-P,0,ham
"Sorry sir, i will call you tomorrow.  senthil.hsbc",0,ham
U wan 2 haf lunch i'm in da canteen now.,0,ham
o turns out i had stereo love on mi phone under the unknown album.,0,ham
East coast,0,ham
I went to project centre,0,ham
"Awesome, think we can get an 8th at usf some time tonight?",0,ham
I don't want you to leave. But i'm barely doing what i can to stay sane. fighting with you constantly isn't helping.,0,ham
&lt;#&gt;  mins but i had to stop somewhere first.,0,ham
No no:)this is kallis home ground.amla home town is durban:),0,ham
Then. You are eldest know.,0,ham
You tell what happen dont behave like this to me. Ok no need to say,0,ham
No. She's currently in scotland for that.,0,ham
"FreeMSG You have been awarded a FREE mini DIGITAL CAMERA, just reply SNAP to collect your prize! (quizclub Opt out? Stop 80122300p/wk SP:RWM Ph:08704050406)",1,spam
Yeah so basically any time next week you can get away from your mom &amp; get up before 3,0,ham
"2 celebrate my bday, y else?",0,ham
"Night night, see you tomorrow",0,ham
Lmao!nice 1,0,ham
"Whats that coming over the hill..... Is it a monster! Hope you have a great day. Things r going fine here, busy though!",0,ham
S da..al r above  &lt;#&gt;,0,ham
"Jay told me already, will do",0,ham
Pls go ahead with watts. I just wanted to be sure. Do have a great weekend. Abiola,0,ham
Thanks for picking up the trash.,0,ham
There bold 2  &lt;#&gt; . Is that yours,0,ham
Just finished eating. Got u a plate. NOT leftovers this time.,0,ham
"Yes but i dont care! I need you bad, princess!",0,ham
No probably  &lt;#&gt; %.,0,ham
You unbelievable faglord,0,ham
"What i mean was i left too early to check, cos i'm working a 9-6.",0,ham
See? I thought it all through,0,ham
did u get that message,0,ham
I'll talk to the others and probably just come early tomorrow then,0,ham
Ü comin to fetch us oredi...,0,ham
Some of them told accenture is not confirm. Is it true.,0,ham
Lol ... I knew that .... I saw him in the dollar store,0,ham
This is the 2nd time we have tried to contact u. U have won the £1450 prize to claim just call 09053750005 b4 310303. T&Cs/stop SMS 08718725756. 140ppm,1,spam
"Sorry vikky, i'm Watching olave mandara movie kano in trishul theatre wit my frnds..",0,ham
Really... I tot ur paper ended long ago... But wat u copied jus now got use? U happy lar... I still haf 2 study :-(,0,ham
Should I have picked up a receipt or something earlier,0,ham
Right it wasnt you who phoned it was someone with a number like yours!,0,ham
Tell dear what happen to you. Why you talking to me like an alian,0,ham
"our mobile number has won £5000, to claim calls us back or ring the claims hot line on 09050005321.",1,spam
Hey they r not watching movie tonight so i'll prob b home early...,0,ham
Okie but i scared u say i fat... Then u dun wan me already...,0,ham
Hahaha..use your brain dear,0,ham
"Dear Voucher Holder, 2 claim this weeks offer, at your PC go to http://www.e-tlp.co.uk/expressoffer Ts&Cs apply.2 stop texts txt STOP to 80062.",1,spam
Rats. Hey did u ever vote for the next themes?,0,ham
X course it 2yrs. Just so her messages on messenger lik you r sending me,0,ham
Hey you around? I've got enough for a half + the ten I owe you,0,ham
I thank you so much for all you do with selflessness. I love you plenty.,0,ham
I sent them. Do you like?,0,ham
ROMCAPspam Everyone around should be responding well to your presence since you are so warm and outgoing. You are bringing in a real breath of sunshine.,1,spam
I don't think he has spatula hands!,0,ham
Thank you. do you generally date the brothas?,0,ham
Leave it wif me lar... Ü wan to carry meh so heavy... Is da num 98321561 familiar to ü?,0,ham
Did you show him and wot did he say or could u not c him 4 dust?,0,ham
Jus finish watching tv... U?,0,ham
My darling sister. How are you doing. When's school resuming. Is there a minimum wait period before you reapply? Do take care,0,ham
Ill be at yours in about 3 mins but look out for me,0,ham
Even u dont get in trouble while convincing..just tel him once or twice and just tel neglect his msgs dont c and read it..just dont reply,0,ham
Shopping? Eh ger i toking abt syd leh...Haha,0,ham
You are not bothering me but you have to trust my answers. Pls.,0,ham
Customer place i will call you,0,ham
Yep. I do like the pink furniture tho.,0,ham
Wishing you a wonderful week.,0,ham
Que pases un buen tiempo or something like that,0,ham
Then any special there?,0,ham
Send me your id and password,0,ham
Well thats nice. Too bad i cant eat it,0,ham
Really dun bluff me leh... U sleep early too. Nite...,0,ham
You can jot down things you want to remember later.,0,ham
I've told him that i've returned it. That should i re order it.,0,ham
Usually the person is unconscious that's in children but in adults they may just behave abnormally. I.ll call you now,0,ham
Oh ic. I thought you meant mary jane.,0,ham
"Sorry da thangam, very very sorry i am held up with prasad.",0,ham
Yeah if we do have to get a random dude we need to change our info sheets to PARTY  &lt;#&gt; /7 NEVER STUDY just to be safe,0,ham
Great escape. I fancy the bridge but needs her lager. See you tomo,0,ham
Did you get any gift? This year i didnt get anything. So bad,0,ham
"V-aluable. A-ffectionate. L-oveable. E-ternal. N-oble. T-ruthful. I-ntimate. N-atural. E-namous. Happy ""VALENTINES DAY"" in advance",0,ham
Was playng 9 doors game and gt racing on phone lol,0,ham
"Hi hope u r both ok, he said he would text and he hasn't, have u seen him, let me down gently please",0,ham
Ha ha ha good joke. Girls are situation seekers.,0,ham
PRIVATE! Your 2003 Account Statement for shows 800 un-redeemed S.I.M. points. Call 08715203685 Identifier Code:4xx26 Expires 13/10/04,1,spam
SplashMobile: Choose from 1000s of gr8 tones each wk! This is a subscrition service with weekly tones costing 300p. U have one credit - kick back and ENJOY,1,spam
Thinking of u ;) x,0,ham
So i could kiss and feel you next to me...,0,ham
Refused a loan? Secured or Unsecured? Can't get credit? Call free now 0800 195 6669 or text back 'help' & we will!,1,spam
I will lick up every drop :) are you ready to use your mouth as well?,0,ham
I think just yourself …Thanks and see you tomo,0,ham
25p 4 alfie Moon's Children in need song on ur mob. Tell ur m8s. Txt Tone charity to 8007 for Nokias or Poly charity for polys: zed 08701417012 profit 2 charity.,1,spam
I would but I'm still cozy. And exhausted from last night.nobody went to school or work. Everything is closed.,0,ham
You have won a Nokia 7250i. This is what you get when you win our FREE auction. To take part send Nokia to 86021 now. HG/Suite342/2Lands Row/W1JHL 16+,1,spam
Bring home some Wendy =D,0,ham
ARR birthday today:) i wish him to get more oscar.,0,ham
"Nice. Wait...should you be texting right now? I'm not gonna pay your ticket, ya know!",0,ham
I liked the new mobile,0,ham
"We spend our days waiting for the ideal path to appear in front of us.. But what we forget is.. ""paths are made by walking.. not by waiting.."" Goodnight!",0,ham
So how's the weather over there?,0,ham
I am sorry it hurt you.,0,ham
Yun buying... But school got offer 2000 plus only...,0,ham
"Call me da, i am waiting for your call.",0,ham
Lol. Well quality aint bad at all so i aint complaining,0,ham
"What will we do in the shower, baby?",0,ham
Okie,0,ham
I thought slide is enough.,0,ham
Poor girl can't go one day lmao,0,ham
Sorry dude. Dont know how i forgot. Even after Dan reminded me. Sorry. Hope you guys had fun.,0,ham
Am not working but am up to eyes in philosophy so will text u later when a bit more free for chat...,0,ham
Its a valentine game. . . send dis msg to all ur friends. . If 5 answers r d same then someone really loves u. . Ques- which colour suits me the best?,0,ham
Todays Voda numbers ending with 7634 are selected to receive a £350 reward. If you have a match please call 08712300220 quoting claim code 7684 standard rates apply.,1,spam
Who's there say hi to our drugdealer,0,ham
You have an important customer service announcement from PREMIER.,1,spam
Just seeing your missed call my dear brother. Do have a gr8 day.,0,ham
Warner Village 83118 C Colin Farrell in SWAT this wkend @Warner Village & get 1 free med. Popcorn!Just show msg+ticket@kiosk.Valid 4-7/12. C t&c @kiosk. Reply SONY 4 mre film offers,1,spam
"I had been hoping i would not have to send you this message. My rent is due and i dont have enough for it. My reserves are completely gone. Its a loan i need and was hoping you could her. The balance is  &lt;#&gt; . Is there a way i could get that from you, till mid march when i hope to pay back.",0,ham
S.i'm watching it in live..,0,ham
"Sorry, I'll call later",0,ham
You have 1 new message. Please call 08715205273,1,spam
"After my work ah... Den 6 plus lor... U workin oso rite... Den go orchard lor, no other place to go liao...",0,ham
Alex says he's not ok with you not being ok with it,0,ham
"Good morning, my boytoy! How's those yummy lips ? Where's my sexy buns now ? What do you do ? Do you think of me ? Do you crave me ? Do you need me ?",0,ham
Lil fever:) now fine:),0,ham
At 7 we will go ok na.,0,ham
Ringtone Club: Get the UK singles chart on your mobile each week and choose any top quality ringtone! This message is free of charge.,1,spam
Nice talking to you! please dont forget my pix :) i want to see all of you...,0,ham
"It's ok, at least armand's still around",0,ham
Ok can...,0,ham
Aah bless! How's your arm?,0,ham
Lol I would but my mom would have a fit and tell the whole family how crazy and terrible I am,0,ham
"Sorry, I can't help you on this.",0,ham
Sounds like you have many talents! would you like to go on a dinner date next week?,0,ham
Wait.i will come out.. &lt;#&gt;  min:),0,ham
Thx. All will be well in a few months,0,ham
FreeMsg: Hey - I'm Buffy. 25 and love to satisfy men. Home alone feeling randy. Reply 2 C my PIX! QlynnBV Help08700621170150p a msg Send stop to stop txts,1,spam
LOL ... No just was busy,0,ham
Should I head straight there or what,0,ham
XCLUSIVE@CLUBSAISAI 2MOROW 28/5 SOIREE SPECIALE ZOUK WITH NICHOLS FROM PARIS.FREE ROSES 2 ALL LADIES !!! info: 07946746291/07880867867,1,spam
Burger King - Wanna play footy at a top stadium? Get 2 Burger King before 1st Sept and go Large or Super with Coca-Cola and walk out a winner,1,spam
Free entry in 2 a wkly comp to win FA Cup final tkts 21st May 2005. Text FA to 87121 to receive entry question(std txt rate)T&C's apply 08452810075over18's,1,spam
No. It's not pride. I'm almost  &lt;#&gt;  years old and shouldn't be takin money from my kid. You're not supposed to have to deal with this stuff. This is grownup stuff--why i don't tell you.,0,ham
Ok then no need to tell me anything i am going to sleep good night,0,ham
Urgent Ur £500 guaranteed award is still unclaimed! Call 09066368327 NOW closingdate04/09/02 claimcode M39M51 £1.50pmmorefrommobile2Bremoved-MobyPOBox734LS27YF,1,spam
Sorry. You never hear unless you book it. One was kinda a joke--thet were really looking for skinny white girls. The other was one line--you can only do so much on camera with that. Something like that they're casting on the look.,0,ham
"Ok, be careful ! Don't text and drive !",0,ham
No it's waiting in e car dat's bored wat. Cos wait outside got nothing 2 do. At home can do my stuff or watch tv wat.,0,ham
So u gonna get deus ex?,0,ham
I went to ur hon lab but no one is there.,0,ham
… and don‘t worry we‘ll have finished by march … ish!,0,ham
Serious? What like proper tongued her,0,ham
"Alright, I'll head out in a few minutes, text me where to meet you",0,ham
Nothing but we jus tot u would ask cos u ba gua... But we went mt faber yest... Yest jus went out already mah so today not going out... Jus call lor...,0,ham
Ummma.will call after check in.our life will begin from qatar so pls pray very hard.,0,ham
"House-Maid is the murderer, coz the man was murdered on  &lt;#&gt; th January.. As public holiday all govt.instituitions are closed,including post office..",0,ham
Also maaaan are you missing out,0,ham
Gam gone after outstanding innings.,0,ham
Ok cool. See ya then.,0,ham
I know you mood off today,0,ham
"I know dat feelin had it with Pete! Wuld get with em , nuther place nuther time mayb?",0,ham
Ok i found dis pierre cardin one which looks normal costs 20 its on sale.,0,ham
You have 1 new message. Call 0207-083-6089,1,spam
"(No promises on when though, haven't even gotten dinner yet)",0,ham
Thank you princess! I want to see your nice juicy booty...,0,ham
Sorry me going home first... Daddy come fetch ü later...,0,ham
Awww dat is sweet! We can think of something to do he he! Have a nice time tonight ill probably txt u later cos im lonely :( xxx.,0,ham
And smile for me right now as you go and the world will wonder what you are smiling about and think your crazy and keep away from you ... *grins*,0,ham
"Sppok up ur mob with a Halloween collection of nokia logo&pic message plus a FREE eerie tone, txt CARD SPOOK to 8007",1,spam
Just wanted to say holy shit you guys weren't kidding about this bud,0,ham
She doesnt need any test.,0,ham
How much r ü willing to pay?,0,ham
Its normally hot mail. Com you see!,0,ham
Get the official ENGLAND poly ringtone or colour flag on yer mobile for tonights game! Text TONE or FLAG to 84199. Optout txt ENG STOP Box39822 W111WX £1.50,1,spam
Ur balance is now £500. Ur next question is: Who sang 'Uptown Girl' in the 80's ? 2 answer txt ur ANSWER to 83600. Good luck!,1,spam
Gokila is talking with you aha:),0,ham
Mmmmmmm *snuggles into you* ...*deep contented sigh* ... *whispers* ... I fucking love you so much I can barely stand it ...,0,ham
No she didnt. I will search online and let you know.,0,ham
Yupz... I've oredi booked slots 4 my weekends liao...,0,ham
Don know..he is watching film in computer..,0,ham
Do you mind if I ask what happened? You dont have to say if it is uncomfortable.,0,ham
Nokia phone is lovly..,0,ham
Pass dis to all ur contacts n see wat u get! Red;i'm in luv wid u. Blue;u put a smile on my face. Purple;u r realy hot. Pink;u r so swt. Orange;i thnk i lyk u. Green;i realy wana go out wid u. Yelow;i wnt u bck. Black;i'm jealous of u. Brown;i miss you Nw plz giv me one color,0,ham
I take it the post has come then! You must have 1000s of texts now! Happy reading. My one from wiv hello caroline at the end is my favourite. Bless him,0,ham
"Jus chillaxin, what up",0,ham
Glad it went well :) come over at 11 then we'll have plenty of time before claire goes to work.,0,ham
Yes.he have good crickiting mind,0,ham
Ur ringtone service has changed! 25 Free credits! Go to club4mobiles.com to choose content now! Stop? txt CLUB STOP to 87070. 150p/wk Club4 PO Box1146 MK45 2WT,1,spam
I'm really sorry I lit your hair on fire,0,ham
"Hmmm ... I thought we said 2 hours slave, not 3 ... You are late ... How should I punish you ?",0,ham
"Perhaps * is much easy give your account identification, so i will tomorrow at UNI",0,ham
Todays Voda numbers ending 7548 are selected to receive a $350 award. If you have a match please call 08712300220 quoting claim code 4041 standard rates app,1,spam
I'm not sure if its still available though,0,ham
"Free-message: Jamster!Get the crazy frog sound now! For poly text MAD1, for real text MAD2 to 88888. 6 crazy sounds for just 3 GBP/week! 16+only! T&C's apply",1,spam
Knock Knock Txt whose there to 80082 to enter r weekly draw 4 a £250 gift voucher 4 a store of yr choice. T&Cs www.tkls.com age16 to stoptxtstop£1.50/week,1,spam
Watching tv lor...,0,ham
"4 tacos + 1 rajas burrito, right?",0,ham
Mine here like all fr china then so noisy.,0,ham
"Good morning, im suffering from fever and dysentry ..will not be able to come to office today.",0,ham
U sleeping now.. Or you going to take? Haha.. I got spys wat.. Me online checking n replying mails lor..,0,ham
"I'm a guy, browsin is compulsory",0,ham
Carlos says we can pick up from him later so yeah we're set,0,ham
Argh why the fuck is nobody in town ;_;,0,ham
And maybe some pressies,0,ham
Hope you are having a great new semester. Do wish you the very best. You are made for greatness.,0,ham
No de.am seeing in online shop so that i asked.,0,ham
Urgent Please call 09066612661 from landline. £5000 cash or a luxury 4* Canary Islands Holiday await collection. T&Cs SAE award. 20M12AQ. 150ppm. 16+ “,1,spam
Who were those people ? Were you in a tour ? I thought you were doing that sofa thing you sent me ? Your curious sugar,0,ham
I place all ur points on e cultures module already.,0,ham
Just forced myself to eat a slice. I'm really not hungry tho. This sucks. Mark is getting worried. He knows I'm sick when I turn down pizza. Lol,0,ham
Nope. I just forgot. Will show next week,0,ham
I said its okay. Sorry,0,ham
S.this will increase the chance of winning.,0,ham
Aiyo please ü got time meh.,0,ham
Congratulations ur awarded 500 of CD vouchers or 125gift guaranteed & Free entry 2 100 wkly draw txt MUSIC to 87066 TnCs www.Ldew.com1win150ppmx3age16,1,spam
Urgent! Please call 09061213237 from a landline. £5000 cash or a 4* holiday await collection. T &Cs SAE PO Box 177 M227XY. 16+,1,spam
Hey you told your name to gautham ah?,0,ham
Can you let me know details of fri when u find out cos I'm not in tom or fri. mentionned chinese. Thanks,0,ham
Can you say what happen,0,ham
Dip's cell dead. So i m coming with him. U better respond else we shall come back.,0,ham
LORD OF THE RINGS:RETURN OF THE KING in store NOW!REPLY LOTR by 2 June 4 Chance 2 WIN LOTR soundtrack CDs StdTxtRate. Reply STOP to end txts,1,spam
In which place i can get rooms cheap:-),0,ham
My superior telling that friday is leave for all other department except ours:)so it will be leave for you:)any way call waheed fathima hr and conform it:),0,ham
Yeah my usual guy's out of town but there're definitely people around I know,0,ham
U coming back 4 dinner rite? Dad ask me so i re confirm wif u...,0,ham
Bbq this sat at mine from 6ish. Ur welcome 2 come,0,ham
"K, can that happen tonight?",0,ham
O. Well uv causes mutations. Sunscreen is like essential thesedays,0,ham
How dare you stupid. I wont tell anything to you. Hear after i wont talk to you:-.,0,ham
"&lt;#&gt; %of pple marry with their lovers... becz they hav gud undrstndng dat avoids problems. i sent dis 2 u, u wil get gud news on friday by d person you like. And tomorrow will be the best day of your life. Dont break this chain. If you break you will suffer. send this to  &lt;#&gt;  frnds in &lt;#&gt;  mins whn u read...",0,ham
U meet other fren dun wan meet me ah... Muz b a guy rite...,0,ham
Got it. Seventeen pounds for seven hundred ml – hope ok.,0,ham
Ok darlin i supose it was ok i just worry too much.i have to do some film stuff my mate and then have to babysit again! But you can call me there.xx,0,ham
Lol boo I was hoping for a laugh,0,ham
U know we watchin at lido?,0,ham
U should make a fb list,0,ham
Hard LIVE 121 chat just 60p/min. Choose your girl and connect LIVE. Call 09094646899 now! Cheap Chat UK's biggest live service. VU BCM1896WC1N3XX,1,spam
That's a shame! Maybe cld meet for few hrs tomo?,0,ham
Thanks for ve lovely wisheds. You rock,0,ham
"Sure, if I get an acknowledgement from you that it's astoundingly tactless and generally faggy to demand a blood oath fo",0,ham
How abt making some of the pics bigger?,0,ham
Same to u...,0,ham
Die... Now i have e toot fringe again...,0,ham
He remains a bro amongst bros,0,ham
&lt;#&gt;  great loxahatchee xmas tree burning update: you can totally see stars here,0,ham
Ok im not sure what time i finish tomorrow but i wanna spend the evening with you cos that would be vewy vewy lubly! Love me xxx,0,ham
I dunno they close oredi not... Ü v ma fan...,0,ham
"This is one of the days you have a billion classes, right?",0,ham
Wat's my dear doing? Sleeping ah?,0,ham
We will meet soon princess! Ttyl!,0,ham
"Ah, well that confuses things, doesn‘t it?",0,ham
Purity of friendship between two is not about smiling after reading the forwarded message..Its about smiling just by seeing the name. Gud evng,0,ham
"Welcome to UK-mobile-date this msg is FREE giving you free calling to 08719839835. Future mgs billed at 150p daily. To cancel send ""go stop"" to 89123",1,spam
What do u want when i come back?.a beautiful necklace as a token of my heart for you.thats what i will give but ONLY to MY WIFE OF MY LIKING.BE THAT AND SEE..NO ONE can give you that.dont call me.i will wait till i come.,0,ham
"Sorry battery died, yeah I'm here",0,ham
Its on in engalnd! But telly has decided it won't let me watch it and mia and elliot were kissing! Damn it!,0,ham
I cant wait to see you! How were the photos were useful? :),0,ham
"No, I decided that only people who care about stuff vote and caring about stuff is for losers",0,ham
Okie...,0,ham
"Just looked it up and addie goes back Monday, sucks to be her",0,ham
"GOD ASKED, ""What is forgiveness?"" A little child gave lovely reply, ""It is d wonderful fruit that a tree gives when it is being hurt by a stone.. Good night......",0,ham
"And that is the problem. You walk around in ""julianaland"" oblivious to what is going on around you. I say the same things constantly and they go in one ear and out the other while you go off doing whatever you want to do. It's not that you don't know why I'm upset--it's that you don't listen when i tell you WHAT is going to upset me. Then you want to be surprised when I'm mad.",0,ham
Excellent! Are you ready to moan and scream in ecstasy?,0,ham
I don't know jack shit about anything or i'd say/ask something helpful but if you want you can pretend that I did and just text me whatever in response to the hypotheticalhuagauahahuagahyuhagga,0,ham
U too...,0,ham
Thank you princess! You are so sexy...,0,ham
You have WON a guaranteed £1000 cash or a £2000 prize. To claim yr prize call our customer service representative on 08714712379 between 10am-7pm Cost 10p,1,spam
"So anyways, you can just go to your gym or whatever, my love *smiles* I hope your ok and having a good day babe ... I miss you so much already",0,ham
"I know you are thinkin malaria. But relax, children cant handle malaria. She would have been worse and its gastroenteritis. If she takes enough to replace her loss her temp will reduce. And if you give her malaria meds now she will just vomit. Its a self limiting illness she has which means in a few days it will completely stop",0,ham
Nothing lor... A bit bored too... Then y dun u go home early 2 sleep today...,0,ham
Hey! Congrats 2u2. id luv 2 but ive had 2 go home!,0,ham
"Thanks for your ringtone order, ref number R836. Your mobile will be charged £4.50. Should your tone not arrive please call customer services on 09065069154",1,spam
"I can probably come by, everybody's done around  &lt;#&gt;  right?",0,ham
"The LAY MAN! Just to let you know you are missed and thought off. Do have a great day. And if you can send me bimbo and ugo's numbers, ill appreciate. Safe",0,ham
It didnt work again oh. Ok goodnight then. I.ll fix and have it ready by the time you wake up. You are very dearly missed have a good night sleep.,0,ham
Go chase after her and run her over while she's crossing the street,0,ham
gonna let me know cos comes bak from holiday that day.  is coming. Don't4get2text me  number.,0,ham
Dont put your phone on silent mode ok,0,ham
Todays Vodafone numbers ending with 4882 are selected to a receive a £350 award. If your number matches call 09064019014 to receive your £350 award.,1,spam
"Don't worry though, I understand how important it is that I be put in my place with a poorly thought out punishment in the face of the worst thing that has ever happened to me. Brb gonna go kill myself",0,ham
Hope ur head doesn't hurt 2 much ! Am ploughing my way through a pile of ironing ! Staying in with a chinky tonight come round if you like.,0,ham
Are you going to wipro interview today?,0,ham
Hope you are not scared!,0,ham
"Almost there, see u in a sec",0,ham
"Sorry, it's a lot of friend-of-a-friend stuff, I'm just now about to talk to the actual guy who wants to buy",0,ham
Please ask mummy to call father,0,ham
So now my dad is gonna call after he gets out of work and ask all these crazy questions.,0,ham
We are pleased to inform that your application for Airtel Broadband is processed successfully. Your installation will happen within 3 days.,0,ham
And he's apparently bffs with carly quick now,0,ham
Aaooooright are you at work?,0,ham
Did u find a sitter for kaitlyn? I was sick and slept all day yesterday.,0,ham
"How long before you get reply, just defer admission til next semester",0,ham
somewhere out there beneath the pale moon light someone think in of u some where out there where dreams come true... goodnite &amp; sweet dreams,0,ham
Great. P diddy is my neighbor and comes for toothpaste every morning,0,ham
Asking do u knw them or nt? May be ur frnds or classmates?,0,ham
Take something for pain. If it moves however to any side in the next 6hrs see a doctor.,0,ham
How many licks does it take to get to the center of a tootsie pop?,0,ham
I will reach ur home in  &lt;#&gt;  minutes,0,ham
Hi its me you are probably having too much fun to get this message but i thought id txt u cos im bored! and james has been farting at me all night,0,ham
How much she payed. Suganya.,0,ham
Camera - You are awarded a SiPix Digital Camera! call 09061221066 fromm landline. Delivery within 28 days.,1,spam
Then why no one talking to me,0,ham
Thanks a lot for your wishes on my birthday. Thanks you for making my birthday truly memorable.,0,ham
NONE!NOWHERE IKNO DOESDISCOUNT!SHITINNIT,0,ham
"Mila, age23, blonde, new in UK. I look sex with UK guys. if u like fun with me. Text MTALK to 69866.18 . 30pp/txt 1st 5free. £1.50 increments. Help08718728876",1,spam
What's ur pin?,0,ham
Yup ü not comin :-(,0,ham
FREE for 1st week! No1 Nokia tone 4 ur mob every week just txt NOKIA to 87077 Get txting and tell ur mates. zed POBox 36504 W45WQ norm150p/tone 16+,1,spam
Never y lei... I v lazy... Got wat? Dat day ü send me da url cant work one...,0,ham
Do have a nice day today. I love you so dearly.,0,ham
Reckon need to be in town by eightish to walk from * carpark.,0,ham
No shoot me. I'm in the docs waiting room. :/,0,ham
"New Mobiles from 2004, MUST GO! Txt: NOKIA to No: 89545 & collect yours today! From ONLY £1. www.4-tc.biz 2optout 087187262701.50gbp/mtmsg18 TXTAUCTION.",1,spam
Ü dun wan to watch infernal affair?,0,ham
"The house is on the water with a dock, a boat rolled up with a newscaster who dabbles in jazz flute behind the wheel",0,ham
"Sorry, I'll call later  &lt;#&gt; mins",0,ham
I jokin oni lar.. Ü busy then i wun disturb ü.,0,ham
Prakesh is there know.,0,ham
There's someone here that has a year  &lt;#&gt;  toyota camry like mr olayiwola's own. Mileage is  &lt;#&gt; k.its clean but i need to know how much will it sell for. If i can raise the dough for it how soon after landing will it sell. Holla back.,0,ham
Having lunch:)you are not in online?why?,0,ham
Somebody should go to andros and steal ice,0,ham
HAPPY NEW YEAR MY NO.1 MAN,0,ham
"Oh my god! I've found your number again! I'm so glad, text me back xafter this msgs cst std ntwk chg £1.50",1,spam
Okay same with me. Well thanks for the clarification,0,ham
Horrible bf... I now v hungry...,0,ham
Of course ! Don't tease me ... You know I simply must see ! *grins* ... Do keep me posted my prey ... *loving smile* *devouring kiss*,0,ham
I was at bugis juz now wat... But now i'm walking home oredi... Ü so late then reply... I oso saw a top dat i like but din buy... Where r ü now?,0,ham
Ok lor. Msg me b4 u call.,0,ham
Erutupalam thandiyachu,0,ham
"That's good, because I need drugs",0,ham
How? Izzit still raining?,0,ham
In the end she might still vomit but its okay. Not everything will come out.,0,ham
"The word ""Checkmate"" in chess comes from the Persian phrase ""Shah Maat"" which means; ""the king is dead.."" Goodmorning.. Have a good day..:)",0,ham
If he started searching he will get job in few days.he have great potential and talent.,0,ham
No need for the drug anymore.,0,ham
Any pain on urination any thing else?,0,ham
Pete can you please ring meive hardly gotany credit,0,ham
Dear umma she called me now :-),0,ham
I need details about that online job.,0,ham
<Forwarded from 88877>FREE entry into our £250 weekly comp just send the word ENTER to 88877 NOW. 18 T&C www.textcomp.com,1,spam
"Dear, will call Tmorrow.pls accomodate.",0,ham
"Well am officially in a philosophical hole, so if u wanna call am at home ready to be saved!",0,ham
"Friendship is not a game to play, It is not a word to say, It doesn\'t start on March and ends on May, It is tomorrow, yesterday, today and e",0,ham
Bugis oso near wat...,0,ham
"K, if u bored up just come to my home..",0,ham
I havent lei.. Next mon can?,0,ham
Already am squatting is the new way of walking,0,ham
Thank u!,0,ham
Will you be here for food,0,ham
"I can. But it will tell quite long, cos i haven't finish my film yet...",0,ham
Ee msg na poortiyagi odalebeku: Hanumanji 7 name 1-Hanuman 2-Bajarangabali 3-Maruti 4-Pavanaputra 5-Sankatmochan 6-Ramaduth 7-Mahaveer ee 7 name  &lt;#&gt;  janarige ivatte kalisidare next saturday olage ondu good news keluviri...! Maretare inde 1 dodda problum nalli siguviri idu matra  &lt;#&gt; % true.. Don't neglet.,0,ham
Two teams waiting for some players,0,ham
Reply to win £100 weekly! What professional sport does Tiger Woods play? Send STOP to 87239 to end service,1,spam
Nice line said by a broken heart- Plz don't cum 1 more times infront of me... Other wise once again I ll trust U... Good 9t:),0,ham
Kit Strip - you have been billed 150p. Netcollex Ltd. PO Box 1013 IG11 OJA,1,spam
I'm ok. Will do my part tomorrow,0,ham
"Dear,Me at cherthala.in case u r coming cochin pls call bfore u start.i shall also reach accordingly.or tell me which day u r coming.tmorow i am engaged ans its holiday.",0,ham
But that's on ebay it might be less elsewhere.,0,ham
"(And my man carlos is definitely coming by mu tonight, no excuses)",0,ham
Did u turn on the heater? The heater was on and set to &lt;#&gt; degrees.,0,ham
2/2 146tf150p,1,spam
URGENT! This is the 2nd attempt to contact U!U have WON £1000CALL 09071512432 b4 300603t&csBCM4235WC1N3XX.callcost150ppmmobilesvary. max£7. 50,1,spam
Cause I'm not freaky lol,0,ham
"accordingly. I repeat, just text the word ok on your mobile phone and send",1,spam
How was txting and driving,0,ham
What do U want for Xmas? How about 100 free text messages & a new video phone with half price line rental? Call free now on 0800 0721072 to find out more!,1,spam
You're gonna have to be way more specific than that,0,ham
Fuck babe ... What happened to you ? How come you never came back?,0,ham
I didnt get anything da,0,ham
Are you going to write ccna exam this week??,0,ham
Captain vijaykanth is doing comedy in captain tv..he is drunken :),0,ham
Dear good morning now only i am up,0,ham
"Yo, any way we could pick something up tonight?",0,ham
They are just making it easy to pay back. I have  &lt;#&gt; yrs to say but i can pay back earlier. You get?,0,ham
Ok lar... Joking wif u oni...,0,ham
"Total disappointment, when I texted you was the craziest shit got :(",0,ham
No da:)he is stupid da..always sending like this:)don believe any of those message.pandy is a mental:),0,ham
"Dear Sir,Salam Alaikkum.Pride and Pleasure meeting you today at the Tea Shop.We are pleased to send you our contact number at Qatar.Rakhesh an Indian.Pls save our Number.Respectful Regards.",0,ham
"Aight, you close by or still down around alex's place?",0,ham
Get ur 1st RINGTONE FREE NOW! Reply to this msg with TONE. Gr8 TOP 20 tones to your phone every week just £1.50 per wk 2 opt out send STOP 08452810071 16,1,spam
Alex knows a guy who sells mids but he's down in south tampa and I don't think I could set it up before like 8,0,ham
Ya srsly better than yi tho,0,ham
"If you're still up, maybe leave the credit card so I can get gas when I get back like he told me to",0,ham
I realise you are a busy guy and i'm trying not to be a bother. I have to get some exams outta the way and then try the cars. Do have a gr8 day,0,ham
Raji..pls do me a favour. Pls convey my Birthday wishes to Nimya. Pls. Today is her birthday.,0,ham
"St andre, virgil's cream",0,ham
ZOE IT JUST HIT ME 2 IM FUCKING SHITIN MYSELF IL DEFO TRY MY HARDEST 2 CUM 2MOROW LUV U MILLIONS LEKDOG,0,ham
"Yo carlos, a few friends are already asking me about you, you working at all this weekend?",0,ham
Both :) i shoot big loads so get ready!,0,ham
Just chill for another 6hrs. If you could sleep the pain is not a surgical emergency so see how it unfolds. Okay,0,ham
Should i send you naughty pix? :),0,ham
Havent.,0,ham
Oh yeah! And my diet just flew out the window,0,ham
Do u still have plumbers tape and a wrench we could borrow?,0,ham
Thought we could go out for dinner. I'll treat you! Seem ok?,0,ham
"Goodmorning,my grandfather expired..so am on leave today.",0,ham
Oh:)as usual vijay film or its different?,0,ham
"We are hoping to get away by 7, from Langport. You still up for town tonight?",0,ham
"Hi hope u get this txt~journey hasnt been gd,now about 50 mins late I think.",0,ham
Can you please send me my aunty's number,0,ham
Thank you baby! I cant wait to taste the real thing...,0,ham
Wish u many many returns of the day.. Happy birthday vikky..,0,ham
"Don't Think About ""What u Have Got"" Think About ""How to Use It That You Have Got"" gooD ni8",0,ham
"No shit, but I wasn't that surprised, so I went and spent the evening with that french guy I met in town here and we fooled around a bit but I didn't let him fuck me",0,ham
K..k:)where are you?how did you performed?,0,ham
In life when you face choices Just toss a coin not becoz its settle the question But while the coin in the air U will know what your heart is hoping for. Gudni8,0,ham
"Well, I meant as opposed to my drunken night of before",0,ham
It has everything to do with the weather. Keep extra warm. Its a cold but nothing serious. Pls lots of vitamin c,0,ham
What u talking bout early morning? It's almost noon where your at!,0,ham
"Hey. What happened? U switch off ur cell d whole day. This isnt good. Now if u do care, give me a call tomorrow.",0,ham
Lol its ok I didn't remember til last nite,0,ham
What not under standing.,0,ham
You can never do NOTHING,0,ham
Last chance 2 claim ur £150 worth of discount vouchers-Text YES to 85023 now!SavaMob-member offers mobile T Cs 08717898035. £3.00 Sub. 16 . Remove txt X or STOP,1,spam
Wishing you a beautiful day. Each moment revealing even more things to keep you smiling. Do enjoy it.,0,ham
"complimentary 4 STAR Ibiza Holiday or £10,000 cash needs your URGENT collection. 09066364349 NOW from Landline not to lose out! Box434SK38WP150PPM18+",1,spam
Get me out of this dump heap. My mom decided to come to lowes. BORING.,0,ham
You should get more chicken broth if you want ramen unless there's some I don't know about,0,ham
Dear got bus directly to calicut,0,ham
"He will, you guys close?",0,ham
Lol grr my mom is taking forever with my prescription. Pharmacy is like 2 minutes away. Ugh.,0,ham
"Congrats 2 mobile 3G Videophones R yours. call 09063458130 now! videochat wid ur mates, play java games, Dload polypH music, noline rentl. bx420. ip4. 5we. 150p",1,spam
HMM yeah if your not too grooved out! And im looking forward to my pound special :),0,ham
Yep then is fine 7.30 or 8.30 for ice age.,0,ham
Ringtone Club: Gr8 new polys direct to your mobile every week !,1,spam
My tuition is at 330. Hm we go for the 1120 to 1205 one? Do you mind?,0,ham
HI DARLIN I FINISH AT 3 DO U 1 2 PICK ME UP OR MEET ME? TEXT BACK ON THIS NUMBER LUV KATE XXX,0,ham
Ok then i come n pick u at engin?,0,ham
Smith waste da.i wanna gayle.,0,ham
Cab is available.they pick up and drop at door steps.,0,ham
Tell where you reached,0,ham
Home so we can always chat,0,ham
Its hard to believe things like this. All can say lie but think twice before saying anything to me.,0,ham
Love it! The girls at the office may wonder why you are smiling but sore...,0,ham
Slaaaaave ! Where are you ? Must I summon you to me all the time now ? Don't you wish to come to me on your own anymore?,0,ham
We can go 4 e normal pilates after our intro...,0,ham
Y ü wan to go there? C doctor?,0,ham
Sure! I am driving but will reach my destination soon.,0,ham
Ur TONEXS subscription has been renewed and you have been charged £4.50. You can choose 10 more polys this month. www.clubzed.co.uk *BILLING MSG*,1,spam
I love your ass! Do you enjoy doggy style? :),0,ham
If you r @ home then come down within 5 min,0,ham
Btw regarding that we should really try to see if anyone else can be our 4th guy before we commit to a random dude,0,ham
Can ü all decide faster cos my sis going home liao..,0,ham
How much would it cost to hire a hitman,0,ham
"Wa, ur openin sentence very formal... Anyway, i'm fine too, juz tt i'm eatin too much n puttin on weight...Haha... So anythin special happened?",0,ham
Show ur colours! Euro 2004 2-4-1 Offer! Get an England Flag & 3Lions tone on ur phone! Click on the following service message for info!,1,spam
Reply with your name and address and YOU WILL RECEIVE BY POST a weeks completely free accommodation at various global locations www.phb1.com ph:08700435505150p,1,spam
Ok... C ya...,0,ham
Can. Dunno wat to get 4 her...,0,ham
Call him and say you not coming today ok and tell them not to fool me like this ok,0,ham
DO NOT B LATE LOVE MUM,0,ham
Yesterday its with me only . Now am going home.,0,ham
How come it takes so little time for a child who is afraid of the dark to become a teenager who wants to stay out all night?,1,spam
"Hmph. Go head, big baller.",0,ham
Oh god i am happy to see your message after 3 days,0,ham
Good. No swimsuit allowed :),0,ham
"Nothing, i got msg frm tht unknown no..",0,ham
Shall i start from hear.,0,ham
What * u wearing?,0,ham
I want to go to perumbavoor,0,ham
I will come tomorrow di,0,ham
"Eerie Nokia tones 4u, rply TONE TITLE to 8007 eg TONE DRACULA to 8007 Titles: GHOST, ADDAMSFA, MUNSTERS, EXORCIST, TWILIGHT www.getzed.co.uk POBox36504W45WQ 150p",1,spam
As in different styles?,0,ham
Aiyar dun disturb u liao... Thk u have lots 2 do aft ur cupboard come...,0,ham
You please give us connection today itself before  &lt;DECIMAL&gt;  or refund the bill,0,ham
Don't b floppy... b snappy & happy! Only gay chat service with photo upload call 08718730666 (10p/min). 2 stop our texts call 08712460324,1,spam
Hello. We need some posh birds and chaps to user trial prods for champneys. Can i put you down? I need your address and dob asap. Ta r,1,spam
Good. do you think you could send me some pix? I would love to see your top and bottom...,0,ham
Lul im gettin some juicy gossip at the hospital. Two nurses are talking about how fat they are gettin. And one thinks shes obese. Oyea.,0,ham
"Yo, I'm at my parents' gettin cash. Good news: we picked up a downstem",0,ham
I need you to be in my strong arms...,0,ham
"New Theory: Argument wins d SITUATION, but loses the PERSON. So dont argue with ur friends just.. . . . kick them &amp; say, I'm always correct.!",0,ham
Wat so late still early mah. Or we juz go 4 dinner lor. Aiya i dunno...,0,ham
U free on sat rite? U wan 2 watch infernal affairs wif me n darren n mayb xy?,0,ham
Do u ever get a song stuck in your head for no reason and it won't go away til u listen to it like 5 times?,0,ham
URGENT! We are trying to contact U. Todays draw shows that you have won a £800 prize GUARANTEED. Call 09050003091 from land line. Claim C52. Valid12hrs only,1,spam
Hey mate. Spoke to the mag people. We‘re on.  the is deliver by the end of the month. Deliver on the 24th sept. Talk later.,0,ham
Thank god they are in bed!,0,ham
"Thk shld b can... Ya, i wana go 4 lessons... Haha, can go for one whole stretch...",0,ham
Dhoni have luck to win some big title.so we will win:),0,ham
But you were together so you should be thinkin about him,0,ham
alright. Thanks for the advice. Enjoy your night out. I'ma try to get some sleep...,0,ham
Ever thought about living a good life with a perfect partner? Just txt back NAME and AGE to join the mobile community. (100p/SMS),1,spam
Love it! I want to flood that pretty pussy with cum...,0,ham
Great. So should i send you my account number.,0,ham
Aiyo cos i sms ü then ü neva reply so i wait 4 ü to reply lar. I tot ü havent finish ur lab wat.,0,ham
I'm putting it on now. It should be ready for  &lt;TIME&gt;,0,ham
R u saying i should re order the slippers cos i had to pay for returning it.,0,ham
Oh is it! Which brand?,0,ham
Hai priya are you right. What doctor said pa. Where are you.,0,ham
Let there be snow. Let there be snow. This kind of weather brings ppl together so friendships can grow.,0,ham
I'm in town now so i'll jus take mrt down later.,0,ham
You all ready for * big day tomorrow?,0,ham
Are you coming to day for class.,0,ham
"What part of ""don't initiate"" don't you understand",0,ham
Same as kallis dismissial in 2nd test:-).,0,ham
Wrong phone! This phone! I answer this one but assume the other is people i don't well,0,ham
"Double Mins & 1000 txts on Orange tariffs. Latest Motorola, SonyEricsson & Nokia with Bluetooth FREE! Call MobileUpd8 on 08000839402 or call2optout/HF8",1,spam
Hi im having the most relaxing time ever! we have to get up at 7am every day! was the party good the other night? I get home tomorrow at 5ish.,0,ham
"Aight, lemme know what's up",0,ham
"Just sent you an email – to an address with incomm in it, is that right?",0,ham
Ha... Then we must walk to everywhere... Cannot take tram. My cousin said can walk to vic market from our hotel,0,ham
"Will u meet ur dream partner soon? Is ur career off 2 a flyng start? 2 find out free, txt HORO followed by ur star sign, e. g. HORO ARIES",1,spam
FREE UNLIMITED HARDCORE PORN direct 2 your mobile Txt PORN to 69200 & get FREE access for 24 hrs then chrgd@50p per day txt Stop 2exit. This msg is free,1,spam
Sry da..jst nw only i came to home..,0,ham
"Nah, I'm a perpetual DD",0,ham
Uhhhhrmm isnt having tb test bad when youre sick,0,ham
I asked sen to come chennai and search for job.,0,ham
You best watch what you say cause I get drunk as a motherfucker,0,ham
"Keep ur problems in ur heart, b'coz nobody will fight for u. Only u &amp; u have to fight for ur self &amp; win the battle. -VIVEKANAND- G 9t.. SD..
ham	Yeah, give me a call if you've got a minute
ham	HI BABE UAWAKE?FEELLIKW SHIT.JUSTFOUND OUT VIA ALETTER THATMUM GOTMARRIED 4thNOV.BEHIND OURBACKS  FUCKINNICE!SELFISH,DEVIOUSBITCH.ANYWAY,IL CALL U""",0,ham
Ok lor. I'm in town now lei.,0,ham
"Storming msg: Wen u lift d phne, u say ""HELLO"" Do u knw wt is d real meaning of HELLO?? . . . It's d name of a girl..! . . . Yes.. And u knw who is dat girl?? ""Margaret Hello"" She is d girlfrnd f Grahmbell who invnted telphone... . . . . Moral:One can 4get d name of a person, bt not his girlfrnd... G o o d n i g h t . . .@",0,ham
Double your mins & txts on Orange or 1/2 price linerental - Motorola and SonyEricsson with B/Tooth FREE-Nokia FREE Call MobileUpd8 on 08000839402 or2optout/HV9D,1,spam
Am going to take bath ill place the key in window:-),0,ham
dont make ne plans for nxt wknd coz she wants us to come down then ok,0,ham
LMAO where's your fish memory when I need it?,0,ham
Mark works tomorrow. He gets out at 5. His work is by your house so he can meet u afterwards.,0,ham
soon you will have the real thing princess! Do i make you wet? :),0,ham
You call him now ok i said call him,0,ham
Ok lor... Or u wan me go look 4 u?,0,ham
Eh u send wrongly lar...,0,ham
It does it on its own. Most of the time it fixes my spelling. But sometimes it gets a completely diff word. Go figure,0,ham
"This weeks SavaMob member offers are now accessible. Just call 08709501522 for details! SavaMob, POBOX 139, LA3 2WU. Only £1.50/week. SavaMob - offers mobile!",1,spam
Ya! when are ü taking ure practical lessons? I start in june..,0,ham
"Didn't try, g and I decided not to head out",0,ham
Those were my exact intentions,0,ham
"When people see my msgs, They think Iam addicted to msging... They are wrong, Bcoz They don\'t know that Iam addicted to my sweet Friends..!! BSLVYL",0,ham
"My sister in law, hope you are having a great month. Just saying hey. Abiola",0,ham
Free 1st week entry 2 TEXTPOD 4 a chance 2 win 40GB iPod or £250 cash every wk. Txt POD to 84128 Ts&Cs www.textpod.net custcare 08712405020.,1,spam
How are you. Wish you a great semester,0,ham
With my sis lor... We juz watched italian job.,0,ham
"Hiya, sorry didn't hav signal. I haven't seen or heard from and neither has, which is unusual in itself! I'll put on the case and get him to sort it out! Hugs and snogs.",0,ham
Not planned yet :)going to join company on jan 5 only.don know what will happen after that.,0,ham
"Tick, tick, tick .... Where are you ? I could die of loneliness you know ! *pouts* *stomps feet* I need you ...",0,ham
I'll text you when I drop x off,0,ham
"It could work, we'll reach a consensus at the next meeting",0,ham
Kent vale lor... Ü wait 4 me there ar?,0,ham
"He is impossible to argue with and he always treats me like his sub, like he never released me ... Which he did and I will remind him of that if necessary",0,ham
"England v Macedonia - dont miss the goals/team news. Txt ur national team to 87077 eg ENGLAND to 87077 Try:WALES, SCOTLAND 4txt/ú1.20 POBOXox36504W45WQ 16+",1,spam
So dont use hook up any how,0,ham
I always chat with you. In fact i need money can you raise me?,0,ham
Thanx u darlin!im cool thanx. A few bday drinks 2 nite. 2morrow off! Take care c u soon.xxx,0,ham
Can not use foreign stamps in this country. Good lecture .,0,ham
Talk to g and x about that,0,ham
*deep sigh* ... I miss you :-( ... I am really surprised you haven't gone to the net cafe yet to get to me ... Don't you miss me?,0,ham
Sorry i missed your call. Can you please call back.,0,ham
Huh i cant thk of more oredi how many pages do we have?,0,ham
Eh den sat u book e kb liao huh...,0,ham
"Kind of. Just missed train cos of asthma attack, nxt one in half hr so driving in. not sure where to park.",0,ham
Wat time ü wan today?,0,ham
The current leading bid is 151. To pause this auction send OUT. Customer Care: 08718726270,1,spam
"Haha yeah I see that now, be there in a sec",0,ham
Y so late but i need to go n get da laptop...,0,ham
Ok,0,ham
U WILL SWITCH YOUR FONE ON DAMMIT!!,0,ham
Ok leave no need to ask,0,ham
Back 2 work 2morro half term over! Can U C me 2nite 4 some sexy passion B4 I have 2 go back? Chat NOW 09099726481 Luv DENA Calls £1/minMobsmoreLKPOBOX177HP51FL,1,spam
In work now. Going have in few min.,0,ham
You know my old Dom I told you about yesterday ? His name is Roger? He got in touch with me last night and wants me to meet him today at 2 pm,0,ham
Da is good good player.why he is unsold.,0,ham
I might go 2 sch. Yar at e salon now v boring.,0,ham
Well good morning mr . Hows london treatin' ya treacle?,0,ham
Havent planning to buy later. I check already lido only got 530 show in e afternoon. U finish work already?,0,ham
"Yeah, in fact he just asked if we needed anything like an hour ago. When and how much?",0,ham
"Someone U know has asked our dating service 2 contact you! Cant Guess who? CALL 09058097189 NOW all will be revealed. POBox 6, LS15HB 150p",1,spam
Well at this right I'm gonna have to get up and check today's steam sales/pee so text me when you want me to come get you,0,ham
"Sorry, left phone upstairs. OK, might be hectic but would be all my birds with one fell swoop. It's a date.",0,ham
Ok i also wan 2 watch e 9 pm show...,0,ham
Mm not entirely sure i understood that text but hey. Ho. Which weekend?,0,ham
"Sorry, went to bed early, nightnight",0,ham
Anything lor... U decide...,0,ham
Lol your always so convincing.,0,ham
Doesn't g have class early tomorrow and thus shouldn't be trying to smoke at  &lt;#&gt;,0,ham
U have a secret admirer who is looking 2 make contact with U-find out who they R*reveal who thinks UR so special-call on 09058094594,1,spam
Do I? I thought I put it back in the box,0,ham
"This is the 2nd time we have tried 2 contact u. U have won the 750 Pound prize. 2 claim is easy, call 08718726970 NOW! Only 10p per min. BT-national-rate",1,spam
I'm in class. Did you get my text.,0,ham
"Aight, I'm chillin in a friend's room so text me when you're on the way",0,ham
"I jus hope its true that  missin me cos i'm really missin him! You haven't done anything to feel guilty about, yet.",0,ham
It's ok i wun b angry. Msg u aft i come home tonight.,0,ham
Meet after lunch la...,0,ham
"Neither [in sterm voice] - i'm studying. All fine with me! Not sure the  thing will be resolved, tho. Anyway. Have a fab hols",0,ham
For real tho this sucks. I can't even cook my whole electricity is out. And I'm hungry.,0,ham
Dont think so. It turns off like randomlly within 5min of opening,0,ham
"Open rebtel with firefox. When it loads just put plus sign in the user name place, and it will show you two numbers. The lower number is my number. Once you pick that number the pin will display okay!",0,ham
Where r e meeting tmr?,0,ham
Thanks for looking out for me. I really appreciate.,0,ham
Hasn't that been the pattern recently crap weekends?,0,ham
"Dont search love, let love find U. Thats why its called falling in love, bcoz U dont force yourself, U just fall and U know there is smeone to hold U... BSLVYL",0,ham
Good Morning plz call me sir,0,ham
Im done. Just studyn in library,0,ham
Please attend the phone:),0,ham
EASTENDERS TV Quiz. What FLOWER does DOT compare herself to? D= VIOLET E= TULIP F= LILY txt D E or F to 84025 NOW 4 chance 2 WIN £100 Cash WKENT/150P16+,1,spam
MY NEW YEARS EVE WAS OK. I WENT TO A PARTY WITH MY BOYFRIEND. WHO IS THIS SI THEN HEY,0,ham
Slept? I thinkThis time ( &lt;#&gt;  pm) is not dangerous,0,ham
Allo! We have braved the buses and taken on the trains and triumphed. I mean we‘re in b‘ham. Have a jolly good rest of week,0,ham
And I don't plan on staying the night but I prolly won't be back til late,0,ham
"Well, i'm gonna finish my bath now. Have a good...fine night.",0,ham
"K, I might come by tonight then if my class lets out early",0,ham
"And stop wondering ""wow is she ever going to stop tm'ing me ?!"" because I will tm you whenever I want because you are MINE ... *laughs*",0,ham
Yup i thk so until e shop closes lor.,0,ham
"Will do, you gonna be at blake's all night? I might be able to get out of here a little early",0,ham
Yes I posted a couple of pics on fb. There's still snow outside too. I'm just waking up :),0,ham
"I keep seeing weird shit and bein all ""woah"" then realising it's actually reasonable and I'm all ""oh""",0,ham
would u fuckin believe it they didnt know i had thurs pre booked off so they re cancelled me AGAIN! that needs to b sacked,0,ham
"Easy mate, * guess the quick drink was bit ambitious.",0,ham
Mystery solved! Just opened my email and he's sent me another batch! Isn't he a sweetie,0,ham
"Hmmm.. Thk sure got time to hop ard... Ya, can go 4 free abt... Muz call u to discuss liao...",0,ham
Yar else i'll thk of all sorts of funny things.,0,ham
It certainly puts things into perspective when something like this happens,0,ham
Do you think i can move  &lt;#&gt;  in a week,0,ham
Thank you. I like you as well...,0,ham
"Hey there! Glad u r better now. I hear u treated urself to a digi cam, is it good? We r off at 9pm. Have a fab new year, c u in coupla wks!",0,ham
"Sir, waiting for your letter.",0,ham
R u meeting da ge at nite tmr?,0,ham
How much are we getting?,0,ham
"Goodmorning, today i am late for  &lt;DECIMAL&gt; min.",0,ham
I'm turning off my phone. My moms telling everyone I have cancer. And my sister won't stop calling. It hurts to talk. Can't put up with it. See u when u get home. Love u,0,ham
Good morning princess! How are you?,0,ham
Nope i waiting in sch 4 daddy...,0,ham
Ok how you dear. Did you call chechi,0,ham
"Miss ya, need ya, want ya, love ya.",0,ham
"Ask g or iouri, I've told the story like ten times already",0,ham
Shant disturb u anymore... Jia you...,0,ham
Yo we are watching a movie on netflix,0,ham
"Hey, iouri gave me your number, I'm wylie, ryan's friend",0,ham
Desires- u going to doctor 4 liver. And get a bit stylish. Get ur hair managed. Thats it.,0,ham
Probably money worries. Things are coming due and i have several outstanding invoices for work i did two and three months ago.,0,ham
Yes we are chatting too.,0,ham
Yavnt tried yet and never played original either,0,ham
Free entry in 2 a weekly comp for a chance to win an ipod. Txt POD to 80182 to get entry (std txt rate) T&C's apply 08452810073 for details 18+,1,spam
Pls dont forget to study,0,ham
"Okey doke. I'm at home, but not dressed cos laying around ill! Speak to you later bout times and stuff.",0,ham
Busy here. Trying to finish for new year. I am looking forward to finally meeting you...,0,ham
Moji i love you more than words. Have a rich day,0,ham
Eh ur laptop got no stock lei... He say mon muz come again to take a look c got a not...,0,ham
"We're all getting worried over here, derek and taylor have already assumed the worst",0,ham
Free msg: Single? Find a partner in your area! 1000s of real people are waiting to chat now!Send CHAT to 62220Cncl send STOPCS 08717890890£1.50 per msg,1,spam
K:)k:)good:)study well.,0,ham
Aiyah u did ok already lar. E nydc at wheellock?,0,ham
I'm working technical support :)voice process.,0,ham
I know she called me,0,ham
Goodnight da thangam I really miss u dear.,0,ham
I know you are serving. I mean what are you doing now.,0,ham
Gr8. So how do you handle the victoria island traffic. Plus when's the album due,0,ham
Well. Balls. Time to make calls,0,ham
"OH RITE. WELL IM WITH MY BEST MATE PETE, WHO I WENT OUT WITH 4 A WEEK+ NOW WERE 2GEVA AGAIN. ITS BEEN LONGER THAN A WEEK.",0,ham
What class of  &lt;#&gt;  reunion?,0,ham
"Oops I did have it,  &lt;#&gt; ?",0,ham
Wish i were with you now!,0,ham
I'm reaching home in 5 min.,0,ham
If you're not in my car in an hour and a half I'm going apeshit,0,ham
I couldn't say no as he is a dying man and I feel sad for him so I will go and I just wanted you to know I would probably be gone late into your night,0,ham
"Hmmm... Guess we can go 4 kb n power yoga... Haha, dunno we can tahan power yoga anot... Thk got lo oso, forgot liao...",0,ham
I thk u dun haf 2 hint in e forum already lor... Cos i told ron n darren is going 2 tell shuhui.,0,ham
Yup ok...,0,ham
Ah poop. Looks like ill prob have to send in my laptop to get fixed cuz it has a gpu problem,0,ham
"You might want to pull out more just in case and just plan on not spending it if you can, I don't have much confidence in derek and taylor's money management",0,ham
Message from . I am at Truro Hospital on ext. You can phone me here. as I have a phone by my side,0,ham
;-) ok. I feel like john lennon.,0,ham
URGENT! We are trying to contact you. Last weekends draw shows that you have won a £900 prize GUARANTEED. Call 09061701939. Claim code S89. Valid 12hrs only,1,spam
Good morning princess! Happy New Year!,0,ham
K.k:)i'm going to tirunelvali this week to see my uncle ..i already spend the amount by taking dress .so only i want money.i will give it on feb 1,0,ham
I dont know exactly could you ask chechi.,0,ham
You flippin your shit yet?,0,ham
Spending new years with my brother and his family. Lets plan to meet next week. Are you ready to be spoiled? :),0,ham
Its a site to simulate the test. It just gives you very tough questions to test your readiness.,0,ham
Err... Cud do. I'm going to  at 8pm. I haven't got a way to contact him until then.,0,ham
Please CALL 08712402779 immediately as there is an urgent message waiting for you,1,spam
"Thanks for your ringtone order, ref number K718. Your mobile will be charged £4.50. Should your tone not arrive please call customer services on 09065069120",1,spam
"Haha awesome, I've been to 4u a couple times. Who all's coming?",0,ham
Hi dis is yijue i would be happy to work wif ü all for gek1510...,0,ham
Yes. Last  practice,0,ham
Congratulations YOU'VE Won. You're a Winner in our August £1000 Prize Draw. Call 09066660100 NOW. Prize Code 2309.,1,spam
Am new 2 club & dont fink we met yet Will B gr8 2 C U Please leave msg 2day wiv ur area 09099726553 reply promised CARLIE x Calls£1/minMobsmore LKPOBOX177HP51FL,1,spam
Oooh bed ridden ey? What are YOU thinking of?,0,ham
Thanx...,0,ham
Nationwide auto centre (or something like that) on Newport road. I liked them there,0,ham
"Today is ""song dedicated day.."" Which song will u dedicate for me? Send this to all ur valuable frnds but first rply me...",0,ham
His bday real is in april .,0,ham
Will purchase d stuff today and mail to you. Do you have a po box number?,0,ham
Lol I was gonna last month. I cashed some in but I left &lt;#&gt; just in case. I was collecting more during the week cause they announced it on the blog.,0,ham
I need... Coz i never go before,0,ham
They have a thread on the wishlist section of the forums where ppl post nitro requests. Start from the last page and collect from the bottom up.,0,ham
Wen did you get so spiritual and deep. That's great,0,ham
I got lousy sleep. I kept waking up every 2 hours to see if my cat wanted to come in. I worry about him when its cold :(,0,ham
Hey i've booked the 2 lessons on sun liao...,0,ham
You said not now. No problem. When you can. Let me know.,0,ham
Shuhui has bought ron's present it's a swatch watch...,0,ham
"OH MR SHEFFIELD! You wanna play THAT game, okay. You're the boss and I'm the nanny. You give me a raise and I'll give YOU one!!",0,ham
88066 FROM 88066 LOST 3POUND HELP,1,spam
You were supposed to wake ME up &gt;:(,0,ham
Hope this text meets you smiling. If not then let this text give you a reason to smile. Have a beautiful day.,0,ham
"I just got home babe, are you still awake ?",0,ham
I dont know oh. Hopefully this month.,0,ham
"Could you not read me, my Love ? I answered you",0,ham
The hair cream has not been shipped.,0,ham
Yes we were outside for like 2 hours. And I called my whole family to wake them up cause it started at 1 am,0,ham
Black shirt n blue jeans... I thk i c ü...,0,ham
"[…] anyway, many good evenings to u! s",0,ham
I wnt to buy a BMW car urgently..its vry urgent.but hv a shortage of  &lt;#&gt; Lacs.there is no source to arng dis amt. &lt;#&gt; lacs..thats my prob,0,ham
If I was I wasn't paying attention,0,ham
Lol yeah at this point I guess not,0,ham
Got it! It looks scrumptious... daddy wants to eat you all night long!,0,ham
No prob. I will send to your email.,0,ham
Save money on wedding lingerie at www.bridal.petticoatdreams.co.uk Choose from a superb selection with national delivery. Brought to you by WeddingFriend,1,spam
Are there TA jobs available? Let me know please cos i really need to start working,0,ham
Marvel Mobile Play the official Ultimate Spider-man game (£4.50) on ur mobile right now. Text SPIDER to 83338 for the game & we ll send u a FREE 8Ball wallpaper,1,spam
Buzzzz! *grins* Did I buzz your ass? Buzz your chest ? Buzz your cock ? Where do you keep your phone ? Is the vibrator on ? Did you feel it shake ?,0,ham
Stop calling everyone saying I might have cancer. My throat hurts to talk. I can't be answering everyones calls. If I get one more call I'm not babysitting on Monday,0,ham
Your credits have been topped up for http://www.bubbletext.com Your renewal Pin is tgxxrz,1,spam
Still otside le..u come 2morrow maga..,0,ham
I wish things were different. I wonder when i will be able to show you how much i value you. Pls continue the brisk walks no drugs without askin me please and find things to laugh about. I love you dearly.,0,ham
Lol no. U can trust me.,0,ham
MAYBE IF YOU WOKE UP BEFORE FUCKING 3 THIS WOULDN'T BE A PROBLEM.,0,ham
U still painting ur wall?,0,ham
Dad says hurry the hell up,0,ham
"SMS SERVICES. for your inclusive text credits, pls goto www.comuk.net login= ***** unsubscribe with STOP. no extra charge. help:08700469649. PO BOX420. IP4 5WE",1,spam
I see the letter B on my car,0,ham
You busy or can I come by at some point and figure out what we're doing tomorrow,0,ham
Good sleep is about rhythm. The person has to establish a rhythm that the body will learn and use. If you want to know more :-),0,ham
You didnt complete your gist oh.,0,ham
:-) :-),0,ham
I'm done oredi...,0,ham
I wish u were here. I feel so alone,0,ham
So wats ur opinion abt him and how abt is character?,0,ham
No plans yet. What are you doing ?,0,ham
"Hi, Mobile no.  &lt;#&gt;  has added you in their contact list on www.fullonsms.com It s a great place to send free sms to people For more visit fullonsms.com",0,ham
"Urgh, coach hot, smells of chip fat! Thanks again, especially for the duvet (not a predictive text word).",0,ham
Reverse is cheating. That is not mathematics.,0,ham
Feel Yourself That You Are Always Happy.. Slowly It Becomes Your Habit &amp; Finally It Becomes Part Of Your Life.. Follow It.. Happy Morning &amp; Have A Happy Day:),0,ham
Oh god..taken the teeth?is it paining,0,ham
&lt;#&gt;  w jetton ave if you forgot,0,ham
Take us out shopping and Mark will distract Isaiah.=D,0,ham
645,0,ham
You see the requirements please,0,ham
"Haha, just what I was thinkin",0,ham
"Wow. I never realized that you were so embarassed by your accomodations. I thought you liked it, since i was doing the best i could and you always seemed so happy about ""the cave"". I'm sorry I didn't and don't have more to give. I'm sorry i offered. I'm sorry your room was so embarassing.",0,ham
Actually i'm waiting for 2 weeks when they start putting ad.,0,ham
I re-met alex nichols from middle school and it turns out he's dealing!,0,ham
Ok give me 5 minutes I think I see her. BTW you're my alibi. You were cutting my hair the whole time.,0,ham
You call him and tell now infront of them. Call him now.,0,ham
Hey i will be late... i'm at amk. Need to drink tea or coffee,0,ham
"No, its true..k,Do u knw dis no. &lt;#&gt; ?",0,ham
"FreeMsg: Claim ur 250 SMS messages-Text OK to 84025 now!Use web2mobile 2 ur mates etc. Join Txt250.com for 1.50p/wk. T&C BOX139, LA32WU. 16 . Remove txtX or stop",1,spam
"URGENT! Last weekend's draw shows that you have won £1000 cash or a Spanish holiday! CALL NOW 09050000332 to claim. T&C: RSTM, SW7 3SS. 150ppm",1,spam
Your board is working fine. The issue of overheating is also reslove. But still software inst is pending. I will come around 8'o clock.,0,ham
And is there a way you can send shade's stuff to her. And she has been wonderful too.,0,ham
My computer just fried the only essential part we don't keep spares of because my fucking idiot roommates looovvve leaving the thing running on full  &lt;#&gt; /7,0,ham
Was it something u ate?,0,ham
Yes when is the appt again?,0,ham
Ofcourse I also upload some songs,0,ham
I will spoil you in bed as well :),0,ham
"Japanese Proverb: If one Can do it, U too Can do it, If none Can do it,U must do it Indian version: If one Can do it, LET HIM DO it.. If none Can do it,LEAVE it!! And finally Kerala version: If one can do it, Stop him doing it.. If none can do it, Make a strike against it ...",0,ham
Ü thk of wat to eat tonight.,0,ham
Happy birthday to you....dear.with lots of love.rakhesh NRI,0,ham
"Night sweet, sleep well! I've just been to see The Exorcism of Emily Rose and may never sleep again! Hugs and snogs!",0,ham
I cant pick the phone right now. Pls send a message,0,ham
I can take you at like noon,0,ham
When you are big..| God will bring success.,0,ham
He said i look pretty wif long hair wat. But i thk he's cutting quite short 4 me leh.,0,ham
"Urgent -call 09066649731from Landline. Your complimentary 4* Ibiza Holiday or £10,000 cash await collection SAE T&Cs PO BOX 434 SK3 8WP 150ppm 18+",1,spam
Every day i use to sleep after  &lt;#&gt;  so only.,0,ham
Anything lor but toa payoh got place 2 walk meh...,0,ham
Dunno lei... I thk mum lazy to go out... I neva ask her yet...,0,ham
Oh k :)why you got job then whats up?,0,ham
"I'm outside islands, head towards hard rock and you'll run into me",0,ham
Dude sux for snake. He got old and raiden got buff,0,ham
New TEXTBUDDY Chat 2 horny guys in ur area 4 just 25p Free 2 receive Search postcode or at gaytextbuddy.com. TXT ONE name to 89693,1,spam
ALRITE SAM ITS NIC JUST CHECKIN THAT THIS IS UR NUMBER-SO IS IT?T.B*,0,ham
Play w computer? Aiyah i tok 2 u lor?,0,ham
"you are sweet as well, princess. Please tell me your likes and dislikes in bed...",0,ham
YOU HAVE WON! As a valued Vodafone customer our computer has picked YOU to win a £150 prize. To collect is easy. Just call 09061743386,1,spam
&lt;#&gt;  in mca. But not conform.,0,ham
"Just got part Nottingham - 3 hrs 63miles. Good thing i love my man so much, but only doing 40mph. Hey ho",0,ham
I'm in inside office..still filling forms.don know when they leave me.,0,ham
Ü eatin later but i'm eatin wif my frens now lei... Ü going home first?,0,ham
"naughty little thought: 'its better to flirt, flirt n flirt, rather than loving someone n gettin hurt, hurt n hurt...:-) Gud nyt",0,ham
"Indians r poor but India is not a poor country. Says one of the swiss bank directors. He says that "" &lt;#&gt;  lac crore"" of Indian money is deposited in swiss banks which can be used for 'taxless' budget for  &lt;#&gt;  yrs. Can give  &lt;#&gt;  crore jobs to all Indians. From any village to Delhi 4 lane roads. Forever free power suply to more than  &lt;#&gt;  social projects. Every citizen can get monthly  &lt;#&gt; /- for  &lt;#&gt;  yrs. No need of World Bank &amp; IMF loan. Think how our money is blocked by rich politicians. We have full rights against corrupt politicians. Itna forward karo ki pura INDIA padhe.g.m.""",0,ham
"As usual..iam fine, happy &amp; doing well..:)",0,ham
+449071512431 URGENT! This is the 2nd attempt to contact U!U have WON £1250 CALL 09071512433 b4 050703 T&CsBCM4235WC1N3XX. callcost 150ppm mobilesvary. max£7. 50,1,spam
Ya it came a while ago,0,ham
I love to cuddle! I want to hold you in my strong arms right now...,0,ham
"In The Simpsons Movie released in July 2007 name the band that died at the start of the film? A-Green Day, B-Blue Day, C-Red Day. (Send A, B or C)",1,spam
Hey cutie. How goes it? Here in WALES its kinda ok. There is like hills and shit but i still avent killed myself.,0,ham
"Usf I guess, might as well take 1 car",0,ham
Dun need to use dial up juz open da browser n surf...,0,ham
Are you still playing with gautham?,0,ham
"Love isn't a decision, it's a feeling. If we could decide who to love, then, life would be much simpler, but then less magical",0,ham
"Update_Now - Xmas Offer! Latest Motorola, SonyEricsson & Nokia & FREE Bluetooth! Double Mins & 1000 Txt on Orange. Call MobileUpd8 on 08000839402 or call2optout/F4Q=",1,spam
"Yeah I think my usual guy's still passed out from last night, if you get ahold of anybody let me know and I'll throw down",0,ham
Ok no prob... I'll come after lunch then...,0,ham
Hello! How's you and how did saturday go? I was just texting to see if you'd decided to do anything tomo. Not that i'm trying to invite myself or anything!,0,ham
Hey now am free you can call me.,0,ham
Moby Pub Quiz.Win a £100 High Street prize if u know who the new Duchess of Cornwall will be? Txt her first name to 82277.unsub STOP £1.50 008704050406 SP Arrow,1,spam
Well. You know what i mean. Texting,0,ham
Yay can't wait to party together!,0,ham
Yoyyooo u know how to change permissions for a drive in mac. My usb flash drive,0,ham
Jay's getting really impatient and belligerent,0,ham
He didn't see his shadow. We get an early spring yay,0,ham
"Call 09094100151 to use ur mins! Calls cast 10p/min (mob vary). Service provided by AOM, just GBP5/month. AOM Box61,M60 1ER until u stop. Ages 18+ only!",1,spam
New car and house for my parents.:)i have only new job in hand:),0,ham
Oh yes I can speak txt 2 u no! Hmm. Did u get  email?,0,ham
Ok... Help me ask if she's working tmr a not?,0,ham
Your 2004 account for 07XXXXXXXXX shows 786 unredeemed points. To claim call 08719181259 Identifier code: XXXXX Expires 26.03.05,1,spam
Do you want a NEW video phone750 anytime any network mins 150 text for only five pounds per week call 08000776320 now or reply for delivery tomorrow,1,spam
"YOU VE WON! Your 4* Costa Del Sol Holiday or £5000 await collection. Call 09050090044 Now toClaim. SAE, TC s, POBox334, Stockport, SK38xh, Cost£1.50/pm, Max10mins",1,spam
What about this one then.,0,ham
Can ü call me at 10:10 to make sure dat i've woken up...,0,ham
make that 3! 4 fucks sake?! x,0,ham
Im on gloucesterroad what are uup to later?,0,ham
Hey i've booked the pilates and yoga lesson already... Haha,0,ham
You are now unsubscribed all services. Get tons of sexy babes or hunks straight to your phone! go to http://gotbabes.co.uk. No subscriptions.,1,spam
You have won a guaranteed £200 award or even £1000 cashto claim UR award call free on 08000407165 (18+) 2 stop getstop on 88222 PHP. RG21 4JX,1,spam
U studying in sch or going home? Anyway i'll b going 2 sch later.,0,ham
No problem baby. Is this is a good time to talk? I called and left a message.,0,ham
Have you got Xmas radio times. If not i will get it now,0,ham
You bad girl. I can still remember them,0,ham
Yes princess! I want to make you happy...,0,ham
"Its ok, called mom instead have fun",0,ham
Don't fret. I'll buy the ovulation test strips and send them to you. You wont get them til like march. Can you send me your postal address.u'll be alright.Okay.,0,ham
My supervisor find 4 me one lor i thk his students. I havent ask her yet. Tell u aft i ask her.,0,ham
Hi:)did you asked to waheeda fathima about leave?,0,ham
LOOK AT THE FUCKIN TIME. WHAT THE FUCK YOU THINK IS UP,0,ham
am up to my eyes in philosophy,0,ham
Its like that hotel dusk game i think. You solve puzzles in a area thing,0,ham
Oh really?? Did you make it on air? What's your talent?,0,ham
Dude just saw a parked car with its sunroof popped up. Sux,0,ham
Call Germany for only 1 pence per minute! Call from a fixed line via access number 0844 861 85 85. No prepayment. Direct access!,1,spam
"Okey dokey, i‘ll be over in a bit just sorting some stuff out.",0,ham
Do you work all this week ?,0,ham
"Pls send me a comprehensive mail about who i'm paying, when and how much.",0,ham
Why you keeping me away like this,0,ham
What happened to our yo date?,0,ham
Kind of. Took it to garage. Centre part of exhaust needs replacing. Part ordered n taking it to be fixed tomo morning.,0,ham
Did you try making another butt.,0,ham
No that just means you have a fat head,0,ham
I not free today i haf 2 pick my parents up tonite...,0,ham
Just wait till end of march when el nino gets himself. Oh.,0,ham
Wake me up at  &lt;#&gt;  am morning:),0,ham
Yes. It's all innocent fun. O:-),0,ham
FREE entry into our £250 weekly competition just text the word WIN to 80086 NOW. 18 T&C www.txttowin.co.uk,1,spam
Come to mahal bus stop.. &lt;DECIMAL&gt;,0,ham
S now only i took tablets . Reaction morning only.,0,ham
"I dont knw pa, i just drink milk..",0,ham
Booked ticket for pongal?,0,ham
it's really getting me down just hanging around.,0,ham
"Just making dinner, you ?",0,ham
"Sun cant come to earth but send luv as rays. cloud cant come to river but send luv as rain. I cant come to meet U, but can send my care as msg to U. Gud evng",0,ham
Another month. I need chocolate weed and alcohol.,0,ham
I cant keep talking to people if am not sure i can pay them if they agree to price. So pls tell me what you want to really buy and how much you are willing to pay,0,ham
Easy ah?sen got selected means its good..,0,ham
I'll be late...,0,ham
Today am going to college so am not able to atten the class.,0,ham
I wil be there with in  &lt;#&gt;  minutes. Got any space,0,ham
Ü predict wat time ü'll finish buying?,0,ham
Once free call me sir.,0,ham
Thts god's gift for birds as humans hav some natural gift frm god..,0,ham
FreeMsg Hi baby wow just got a new cam moby. Wanna C a hot pic? or Fancy a chat?Im w8in 4uTxt / rply CHAT to 82242 Hlp 08712317606 Msg150p 2rcv,1,spam
I don't run away frm u... I walk slowly &amp; it kills me that u don't care enough to stop me...,0,ham
Can u look 4 me in da lib i got stuff havent finish yet.,0,ham
Y bishan lei... I tot ü say lavender?,0,ham
Ok. How many should i buy.,0,ham
Hi if ur lookin 4 saucy daytime fun wiv busty married woman Am free all next week Chat now 2 sort time 09099726429 JANINExx Calls£1/minMobsmoreLKPOBOX177HP51FL,1,spam
here is my new address -apples&pairs&all that malarky,0,ham
Anyway i'm going shopping on my own now. Cos my sis not done yet. Dun disturb u liao.,0,ham
Jay says that you're a double-faggot,0,ham
Oh baby of the house. How come you dont have any new pictures on facebook,0,ham
Sad story of a Man - Last week was my b'day. My Wife did'nt wish me. My Parents forgot n so did my Kids . I went to work. Even my Colleagues did not wish.,0,ham
Hmm...Bad news...Hype park plaza $700 studio taken...Only left 2 bedrm-$900...,0,ham
I'll meet you in the lobby,0,ham
Yes but can we meet in town cos will go to gep and then home. You could text at bus stop. And don't worry we'll have finished by march … ish!,0,ham
Yup it's at paragon... I havent decided whether 2 cut yet... Hee...,0,ham
"WELL DONE! Your 4* Costa Del Sol Holiday or £5000 await collection. Call 09050090044 Now toClaim. SAE, TCs, POBox334, Stockport, SK38xh, Cost£1.50/pm, Max10mins",1,spam
Do you want a new Video handset? 750 any time any network mins? UNLIMITED TEXT? Camcorder? Reply or Call now 08000930705 for del Sat AM,1,spam
I don't know u and u don't know me. Send CHAT to 86688 now and let's find each other! Only 150p/Msg rcvd. HG/Suite342/2Lands/Row/W1J6HL LDN. 18 years or over.,1,spam
"Hurry up, I've been weed-deficient for like three days",0,ham
"I get out of class in bsn in like  &lt;#&gt;  minutes, you know where advising is?",0,ham
FREE entry into our £250 weekly comp just send the word WIN to 80086 NOW. 18 T&C www.txttowin.co.uk,1,spam
I like to talk pa but am not able to. I dont know y.,0,ham
"Free msg. Sorry, a service you ordered from 81303 could not be delivered as you do not have sufficient credit. Please top up to receive the service.",1,spam
Dear Dave this is your final notice to collect your 4* Tenerife Holiday or #5000 CASH award! Call 09061743806 from landline. TCs SAE Box326 CW25WX 150ppm,1,spam
"That's what I love to hear :V see you sundayish, then",0,ham
U call me alter at 11 ok.,0,ham
Your dad is back in ph?,0,ham
"Sorry about earlier. Putting out fires.Are you around to talk after 9? Or do you actually have a life, lol!",0,ham
Finish already... Yar they keep saying i mushy... I so embarrassed ok...,0,ham
Dunno lei ü all decide lor. How abt leona? Oops i tot ben is going n i msg him.,0,ham
Hello handsome ! Are you finding that job ? Not being lazy ? Working towards getting back that net for mummy ? Where's my boytoy now ? Does he miss me ?,0,ham
Hey... are you going to quit soon? Xuhui and i working till end of the month,0,ham
Horrible u eat macs eat until u forgot abt me already rite... U take so long 2 reply. I thk it's more toot than b4 so b prepared. Now wat shall i eat?,0,ham
They released vday shirts and when u put it on it makes your bottom half naked instead of those white underwear.,0,ham
"No my blankets are sufficient, thx",0,ham
U repeat e instructions again. Wat's e road name of ur house?,0,ham
I think it's all still in my car,0,ham
Sorry i din lock my keypad.,0,ham
Anything lar then ü not going home 4 dinner?,0,ham
You need to get up. Now.,0,ham
"Yar lor he wan 2 go c horse racing today mah, so eat earlier lor. I ate chicken rice. U?",0,ham
Now project pa. After that only i can come.,0,ham
Hey u still at the gym?,0,ham
No go. No openings for that room 'til after thanksgiving without an upcharge.,0,ham
"Merry Christmas to you too babe, i love ya *kisses*",0,ham
Those cocksuckers. If it makes you feel better ipads are worthless garbage novelty items and you should feel bad for even wanting one,0,ham
Hey what how about your project. Started aha da.,0,ham
Great. Have a safe trip. Dont panic surrender all.,0,ham
I.ll post her out l8r. In class,0,ham
Hi its LUCY Hubby at meetins all day Fri & I will B alone at hotel U fancy cumin over? Pls leave msg 2day 09099726395 Lucy x Calls£1/minMobsmoreLKPOBOX177HP51FL,1,spam
"Yeah, that's fine! It's £6 to get in, is that ok?",0,ham
Cool. So how come you havent been wined and dined before?,0,ham
Phony £350 award - Todays Voda numbers ending XXXX are selected to receive a £350 award. If you have a match please call 08712300220 quoting claim code 3100 standard rates app,1,spam
I did. One slice and one breadstick. Lol,0,ham
I HAVE A DATE ON SUNDAY WITH WILL!!,0,ham
Mind blastin.. No more Tsunamis will occur from now on.. Rajnikant stopped swimming in Indian Ocean..:-D,0,ham
* Was thinking about chuckin ur red green n black trainners 2 save carryin them bac on train,0,ham
Ummmmmaah Many many happy returns of d day my dear sweet heart.. HAPPY BIRTHDAY dear,0,ham
I'll probably be by tomorrow (or even later tonight if something's going on),0,ham
So i asked how's anthony. Dad. And your bf,0,ham
Are you ok. What happen to behave like this,0,ham
Yeah jay's sort of a fucking retard,0,ham
"Wow ... I love you sooo much, you know ? I can barely stand it ! I wonder how your day goes and if you are well, my love ... I think of you and miss you",0,ham
I fetch yun or u fetch?,0,ham
"Response is one of d powerful weapon 2 occupy a place in others 'HEART'... So, always give response 2 who cares 4 U""... Gud night..swt dreams..take care",0,ham
i am going to bed now prin,0,ham
FreeMsg: Txt: CALL to No: 86888 & claim your reward of 3 hours talk time to use from your phone now! Subscribe6GBP/mnth inc 3hrs 16 stop?txtStop,1,spam
S:-)kallis wont play in first two odi:-),0,ham
GSOH? Good with SPAM the ladies?U could b a male gigolo? 2 join the uk's fastest growing mens club reply ONCALL. mjzgroup. 08714342399.2stop reply STOP. msg@£1.50rcvd,1,spam
"Get 3 Lions England tone, reply lionm 4 mono or lionp 4 poly. 4 more go 2 www.ringtones.co.uk, the original n best. Tones 3GBP network operator rates apply.",1,spam
Doc prescribed me morphine cause the other pain meds aren't enough. Waiting for my mom to bring it. That med should kick in fast so I'm gonna try to be on later,0,ham
Thanks  and ! Or bomb and date as my phone wanted to say!,0,ham
Nah im goin 2 the wrks with j wot bout u?,0,ham
How will I creep on you now? ;_;,0,ham
I love u 2 babe! R u sure everything is alrite. Is he being an idiot? Txt bak girlie,0,ham
Dunno dat's wat he told me. Ok lor...,0,ham
I'm also came to room.,0,ham
Thanks. Fills me with complete calm and reassurance!,0,ham
Hello. They are going to the village pub at 8 so either come here or there accordingly. Ok?,0,ham
Hi' Test on  &lt;#&gt; rd ....,0,ham
"Somewhr someone is surely made 4 u. And God has decided a perfect time to make u meet dat person. . . . till den, . . . . . Enjoy ur crushes..!!!;-)",0,ham
It took Mr owl 3 licks,0,ham
"It doesnt make sense to take it there unless its free. If you need to know more, wikipedia.com",0,ham
What i told before i tell. Stupid hear after i wont tell anything to you. You dad called to my brother and spoken. Not with me.,0,ham
"In case you wake up wondering where I am, I forgot I have to take care of something for grandma today, should be done before the parade",0,ham
Babe? You said 2 hours and it's been almost 4 ... Is your internet down ?,0,ham
"Have a lovely night and when you wake up to see this message, i hope you smile knowing all is as should be. Have a great morning",0,ham
Hiya. How was last night? I've been naughty and bought myself clothes and very little ... Ready for more shopping tho! What kind of time do you wanna meet?,0,ham
Get down in gandhipuram and walk to cross cut road. Right side &lt;#&gt; street road and turn at first right.,0,ham
Hi juan. Im coming home on fri hey. Of course i expect a welcome party and lots of presents. Ill phone u when i get back. Loads of love nicky x x x x x x x x x,0,ham
Gudnite....tc...practice going on,0,ham
Sounds better than my evening im just doing my costume. Im not sure what time i finish tomorrow but i will txt you at the end.,0,ham
Hi da:)how is the todays class?,0,ham
Hi did u decide wot 2 get 4 his bday if not ill prob jus get him a voucher frm virgin or sumfing,0,ham
"Aight, we'll head out in a few",0,ham
So that takes away some money worries,0,ham
"Free Msg: get Gnarls Barkleys ""Crazy"" ringtone TOTALLY FREE just reply GO to this message right now!",1,spam
Dude im no longer a pisces. Im an aquarius now.,0,ham
U're welcome... Caught u using broken english again...,0,ham
Yes! How is a pretty lady like you single?,0,ham
Merry christmas to u too annie!,0,ham
I sent you  &lt;#&gt;  bucks,0,ham
I'm wif him now buying tix lar...,0,ham
Or I guess  &lt;#&gt;  min,0,ham
Lolnice. I went from a fish to ..water.?,0,ham
Moby Pub Quiz.Win a £100 High Street prize if u know who the new Duchess of Cornwall will be? Txt her first name to 82277.unsub STOP £1.50 008704050406 SP,1,spam
No. Its not specialisation. Can work but its slave labor. Will look for it this month sha cos no shakara 4 beggar.,0,ham
Yes. that will be fine. Love you. Be safe.,0,ham
Speak only when you feel your words are better than the silence... Gud mrng:-),0,ham
Anyway holla at me whenever you're around because I need an excuse to go creep on people in sarasota,0,ham
Yar lor... How u noe? U used dat route too?,0,ham
Networking job is there.,0,ham
"That's very rude, you on campus?",0,ham
"Just so that you know,yetunde hasn't sent money yet. I just sent her a text not to bother sending. So its over, you dont have to involve yourself in anything. I shouldn't have imposed anything on you in the first place so for that, i apologise.",0,ham
No need to ke qi... Ü too bored izzit y suddenly thk of this...,0,ham
Just buy a pizza. Meat lovers or supreme. U get to pick.,0,ham
Alright i have a new goal now,0,ham
K actually can you guys meet me at the sunoco on howard? It should be right on the way,0,ham
O ic lol. Should play 9 doors sometime yo,0,ham
I'm in office now da:)where are you?,0,ham
No. To be nosy I guess. Idk am I over reacting if I'm freaked?,0,ham
"Beautiful tomorrow never comes.. When it comes, it's already TODAY.. In the hunt of beautiful tomorrow don't waste your wonderful TODAY.. GOODMORNING:)",0,ham
K...k:)why cant you come here and search job:),0,ham
URGENT! We are trying to contact U. Todays draw shows that you have won a £800 prize GUARANTEED. Call 09050003091 from land line. Claim C52. Valid 12hrs only,1,spam
"K, can I pick up another 8th when you're done?",0,ham
Don know:)this week i'm going to tirunelvai da.,0,ham
Come to my home for one last time i wont do anything. Trust me.,0,ham
Dear U've been invited to XCHAT. This is our final attempt to contact u! Txt CHAT to 86688,1,spam
"Tunji, how's the queen? how are you doing. This is just wishing you a great day. Abiola.",0,ham
"Sunshine Hols. To claim ur med holiday send a stamped self address envelope to Drinks on Us UK, PO Box 113, Bray, Wicklow, Eire. Quiz Starts Saturday! Unsub Stop",1,spam
I accidentally brought em home in the box,0,ham
Call from 08702490080 - tells u 2 call 09066358152 to claim £5000 prize. U have 2 enter all ur mobile & personal details @ the prompts. Careful!,1,spam
Thanx 4 2day! U r a goodmate I THINK UR RITE SARY! ASUSUAL!1 U CHEERED ME UP! LOVE U FRANYxxxxx,0,ham
You still around? I could use a half-8th,0,ham
Hey gals...U all wanna meet 4 dinner at nìte?,0,ham
My love ... I hope your not doing anything drastic. Don't you dare sell your pc or your phone ...,0,ham
My sister cleared two round in birla soft yesterday.,0,ham
I will send them to your email. Do you mind  &lt;#&gt;  times per night?,0,ham
I sent your maga that money yesterday oh.,0,ham
"Ok. Can be later showing around 8-8:30 if you want + cld have drink before. Wld prefer not to spend money on nosh if you don't mind, as doing that nxt wk.",0,ham
Hey anyway i have to :-),0,ham
Hello darlin ive finished college now so txt me when u finish if u can love Kate xxx,0,ham
Is xy in ur car when u picking me up?,0,ham
Just taste fish curry :-P,0,ham
Wot about on wed nite I am 3 then but only til 9!,0,ham
Ok lor... But buy wat?,0,ham
"Call me. I m unable to cal. Lets meet bhaskar, and deep",0,ham
"Yeah, I'll leave in a couple minutes &amp; let you know when I get to mu",0,ham
I'm at bruce &amp; fowler now but I'm in my mom's car so I can't park (long story),0,ham
Pls send me the correct name da.,0,ham
Have you been practising your curtsey?,0,ham
You have registered Sinco as Payee. Log in at icicibank.com and enter URN  &lt;#&gt;  to confirm. Beware of frauds. Do NOT share or disclose URN to anyone.,0,ham
http//tms. widelive.com/index. wml?id=820554ad0a1705572711&first=true¡C C Ringtone¡,1,spam
"For ur chance to win a £250 cash every wk TXT: ACTION to 80608. T's&C's www.movietrivia.tv custcare 08712405022, 1x150p/wk",1,spam
"How's my loverboy doing ? What does he do that keeps him from coming to his Queen, hmmm ? Doesn't he ache to speak to me ? Miss me desparately ?",0,ham
K.k:)advance happy pongal.,0,ham
Takin a shower now but yeah I'll leave when I'm done,0,ham
Oh ya ya. I remember da. .,0,ham
Anyway seriously hit me up when you're back because otherwise I have to light up with armand and he always has shit and/or is vomiting,0,ham
I jus reached home. I go bathe first. But my sis using net tell u when she finishes k...,0,ham
"Ok that would b lovely, if u r sure. Think about wot u want to do, drinkin, dancin, eatin, cinema, in, out, about... Up to u! Wot about ?",0,ham
Ahhh. Work. I vaguely remember that! What does it feel like? Lol,0,ham
Nobody names their penis a girls name this story doesn't add up at all,0,ham
"Hey babe, sorry i didn't get sooner. Gary can come and fix it cause he thinks he knows what it is but he doesn't go as far a Ptbo and he says it will cost  &lt;#&gt;  bucks. I don't know if it might be cheaper to find someone there ? We don't have any second hand machines at all right now, let me know what you want to do babe",0,ham
THING R GOOD THANX GOT EXAMS IN MARCH IVE DONE NO REVISION? IS FRAN STILL WITH BOYF? IVE GOTTA INTERVIW 4 EXETER BIT WORRIED!x,0,ham
&lt;#&gt; ISH MINUTES WAS 5 MINUTES AGO. WTF.,0,ham
Dear i have reache room,0,ham
But we havent got da topic yet rite?,0,ham
For many things its an antibiotic and it can be used for chest abdomen and gynae infections even bone infections.,0,ham
Sorry da thangam.it's my mistake.,0,ham
Oh you got many responsibilities.,0,ham
:-( sad puppy noise,0,ham
"FreeMsg Why haven't you replied to my text? I'm Randy, sexy, female and live local. Luv to hear from u. Netcollex Ltd 08700621170150p per msg reply Stop to end",1,spam
important information 4 orange user . today is your lucky day!2find out why log onto http://www.urawinner.com THERE'S A FANTASTIC SURPRISE AWAITING YOU!,1,spam
"As a valued customer, I am pleased to advise you that following recent review of your Mob No. you are awarded with a £1500 Bonus Prize, call 09066368470",1,spam
What's up. Do you want me to come online?,0,ham
I just really need shit before tomorrow and I know you won't be awake before like 6,0,ham
That's y we haf to combine n c how lor...,0,ham
Do you want a new Video phone? 600 anytime any network mins 400 Inclusive Video calls AND downloads 5 per week Free delTOMORROW call 08002888812 or reply NOW,1,spam
Once free call me sir. I am waiting for you.,0,ham
"says that he's quitting at least5times a day so i wudn't take much notice of that. Nah, she didn't mind. Are you gonna see him again? Do you want to come to taunton tonight? U can tell me all about !",0,ham
No current and food here. I am alone also,0,ham
K k pa Had your lunch aha.,0,ham
"I didnt get ur full msg..sometext is missing, send it again",0,ham
Dont think you need yellow card for uk travel. Ask someone that has gone before. If you do its just  &lt;#&gt; bucks,0,ham
"Goodmorning, today i am late for 1hr.",0,ham
Ü go home liao? Ask dad to pick me up at 6...,0,ham
Summers finally here! Fancy a chat or flirt with sexy singles in yr area? To get MATCHED up just reply SUMMER now. Free 2 Join. OptOut txt STOP Help08714742804,1,spam
LOL what happens in Vegas stays in vegas,0,ham
"No we put party 7 days a week and study lightly, I think we need to draw in some custom checkboxes so they know we're hardcore",0,ham
"Arngd marriage is while u r walkin unfortuntly a snake bites u. bt love marriage is dancing in frnt of d snake &amp; sayin Bite me, bite me.",0,ham
I'm not coming home 4 dinner.,0,ham
Ok which your another number,0,ham
Surly ill give it to you:-) while coming to review.,0,ham
Are you planning to come chennai?,0,ham
07732584351 - Rodger Burns - MSG = We tried to call you re your reply to our sms for a free nokia mobile + free camcorder. Please call now 08000930705 for delivery tomorrow,1,spam
U definitely need a module from e humanities dis sem izzit? U wan 2 take other modules 1st?,0,ham
SMS. ac Sptv: The New Jersey Devils and the Detroit Red Wings play Ice Hockey. Correct or Incorrect? End? Reply END SPTV,1,spam
Hurt me... Tease me... Make me cry... But in the end of my life when i die plz keep one rose on my grave and say STUPID I MISS U.. HAVE A NICE DAY BSLVYL,0,ham
Not yet had..ya sapna aunty manege y'day hogidhe..chinnu full weak and swalpa black agidhane..,0,ham
Teach me apps da. When you come to college.,0,ham
Money i have won wining number 946 wot do i do next,1,spam
Thanks for being there for me just to talk to on saturday. You are very dear to me. I cherish having you as a brother and role model.,0,ham
"Multiply the numbers independently and count decimal points then, for the division, push the decimal places like i showed you.",0,ham
If you still havent collected the dough pls let me know so i can go to the place i sent it to get the control number,0,ham
No..its ful of song lyrics..,0,ham
"No dice, art class 6 thru 9 :( thanks though. Any idea what time I should come tomorrow?",0,ham
Pls i wont belive god.not only jesus.,0,ham
K..u also dont msg or reply to his msg..,0,ham
Was actually about to send you a reminder today. Have a wonderful weekend,0,ham
If you are not coughing then its nothing,0,ham
Shall i ask one thing if you dont mistake me.,0,ham
Actually i deleted my old website..now i m blogging at magicalsongs.blogspot.com,0,ham
No plm i will come da. On the way.,0,ham
Boo what time u get out? U were supposed to take me shopping today. :(,0,ham
Noooooooo please. Last thing I need is stress. For once in your life be fair.,0,ham
Yeah that's the impression I got,0,ham
"Someone has contacted our dating service and entered your phone becausethey fancy you! To find out who it is call from a landline 09058098002. PoBox1, W14RG 150p",1,spam
"Gud gud..k, chikku tke care.. sleep well gud nyt",0,ham
I could ask carlos if we could get more if anybody else can chip in,0,ham
Ok lor...,0,ham
Do u noe how 2 send files between 2 computers?,0,ham
Yup bathe liao...,0,ham
G.W.R,0,ham
"(I should add that I don't really care and if you can't I can at least get this dude to fuck off but hey, your money if you want it)",0,ham
I‘m parked next to a MINI!!!! When are you coming in today do you think?,0,ham
ok. I am a gentleman and will treat you with dignity and respect.,0,ham
Yeah it's jus rite...,0,ham
"Do 1 thing! Change that sentence into: ""Because i want 2 concentrate in my educational career im leaving here..""",0,ham
"I.ll always be there, even if its just in spirit. I.ll get a bb soon. Just trying to be sure i need it.",0,ham
Are you driving or training?,0,ham
It only does simple arithmetic not percentages.,0,ham
"Sweet, we may or may not go to 4U to meet carlos so gauge patty's interest in that",0,ham
You will be receiving this week's Triple Echo ringtone shortly. Enjoy it!,1,spam
Is there any training tomorrow?,0,ham
Y lei?,0,ham
Host-based IDPS for linux systems.,0,ham
Call me when you get the chance plz &lt;3,0,ham
"I'm nt goin, got somethin on, unless they meetin 4 dinner lor... Haha, i wonder who will go tis time...",0,ham
I wish that I was with you. Holding you tightly. Making you see how important you are. How much you mean to me ... How much I need you ... In my life ...,0,ham
December only! Had your mobile 11mths+? You are entitled to update to the latest colour camera mobile for Free! Call The Mobile Update VCo FREE on 08002986906,1,spam
"Dear relieved of westonzoyland, all going to plan this end too!",0,ham
Msg me when rajini comes.,0,ham
Yar... I tot u knew dis would happen long ago already.,0,ham
Don no da:)whats you plan?,0,ham
Po de :-):):-):-):-). No need job aha.,0,ham
My sort code is  and acc no is . The bank is natwest. Can you reply to confirm i've sent this to the right person!,0,ham
Fine if thats the way u feel. Thats the way its gota b,0,ham
Ok i shall talk to him,0,ham
i see. When we finish we have loads of loans to pay,0,ham
"I‘ll leave around four, ok?",0,ham
"Babe ! How goes that day ? What are you doing ? Where are you ? I sip my cappuccino and think of you, my love ... I send a kiss to you from across the sea",0,ham
Oh k. . I will come tomorrow,0,ham
HI BABE U R MOST LIKELY TO BE IN BED BUT IM SO SORRY ABOUT TONIGHT! I REALLY WANNA SEE U TOMORROW SO CALL ME AT 9. LOVE ME XXX,0,ham
Dis is yijue. I jus saw ur mail. In case huiming havent sent u my num. Dis is my num.,0,ham
And several to you sir.,0,ham
"Nimbomsons. Yep phone knows that one. Obviously, cos thats a real word",0,ham
Text & meet someone sexy today. U can find a date or even flirt its up to U. Join 4 just 10p. REPLY with NAME & AGE eg Sam 25. 18 -msg recd@thirtyeight pence,1,spam
"Okies... I'll go yan jiu too... We can skip ard oso, go cine den go mrt one, blah blah blah...",0,ham
I am back. Bit long cos of accident on a30. Had to divert via wadebridge.I had a brilliant weekend thanks. Speak soon. Lots of love,0,ham
How is it possible to teach you. And where.,0,ham
Then dun wear jeans lor...,0,ham
Went to pay rent. So i had to go to the bank to authorise the payment.,0,ham
Nothing will ever be easy. But don't be looking for a reason not to take a risk on life and love,0,ham
"I need an 8th but I'm off campus atm, could I pick up in an hour or two?",0,ham
I notice you like looking in the shit mirror youre turning into a right freak,0,ham
That means from february to april i'll be getting a place to stay down there so i don't have to hustle back and forth during audition season as i have since my sister moved away from harlem.,0,ham
Wat would u like 4 ur birthday?,0,ham
"Yeah, where's your class at?",0,ham
Nope but i'll b going 2 sch on fri quite early lor cos mys sis got paper in da morn :-),0,ham
No pic. Please re-send.,0,ham
Siva is in hostel aha:-.,0,ham
S:)no competition for him.,0,ham
Shall i send that exe to your mail id.,0,ham
yeah sure thing mate haunt got all my stuff sorted but im going sound anyway promoting hex for .by the way who is this? dont know number. Joke,0,ham
Dude avatar 3d was imp. At one point i thought there were actually flies in the room and almost tried hittng one as a reflex,0,ham
I have many dependents,0,ham
"Haha awesome, omw back now then",0,ham
Hey i booked the kb on sat already... what other lessons are we going for ah? Keep your sat night free we need to meet and confirm our lodging,0,ham
Sorry de i went to shop.,0,ham
Yes.i'm in office da:),0,ham
All boys made fun of me today. Ok i have no problem. I just sent one message just for fun,0,ham
staff.science.nus.edu.sg/~phyhcmk/teaching/pc1323,0,ham
Joy's father is John. Then John is the NAME of Joy's father. Mandan,0,ham
Thanks for your message. I really appreciate your sacrifice. I'm not sure of the process of direct pay but will find out on my way back from the test tomorrow. I'm in class now. Do have a wonderful day.,0,ham
I wont do anything de.,0,ham
"Dear,regret i cudnt pick call.drove down frm ctla now at cochin home.left mobile in car..ente style ishtamayoo?happy bakrid!",0,ham
In meeting da. I will call you,0,ham
Your account has been refilled successfully by INR  &lt;DECIMAL&gt; . Your KeralaCircle prepaid account balance is Rs  &lt;DECIMAL&gt; . Your Transaction ID is KR &lt;#&gt; .,0,ham
"Al he does is moan at me if n e thin goes wrong its my fault&al de arguments r my fault&fed up of him of himso y bother? Hav 2go, thanx.xx",0,ham
What are youdoing later? Sar xxx,0,ham
Well that must be a pain to catch,0,ham
"Spook up your mob with a Halloween collection of a logo & pic message plus a free eerie tone, txt CARD SPOOK to 8007 zed 08701417012150p per logo/pic",1,spam
Ho ho - big belly laugh! See ya tomo,0,ham
Si si. I think ill go make those oreo truffles.,0,ham
My drive can only be read. I need to write,0,ham
Wat's da model num of ur phone?,0,ham
"I've got  &lt;#&gt; , any way I could pick up?",0,ham
Pls what's the full name of joke's school cos fees in university of florida seem to actually be  &lt;#&gt; k. Pls holla back,0,ham
"I promise to take good care of you, princess. I have to run now. Please send pics when you get a chance. Ttyl!",0,ham
Also are you bringing galileo or dobby,0,ham
Guess who spent all last night phasing in and out of the fourth dimension,0,ham
I don wake since. I checked that stuff and saw that its true no available spaces. Pls call the embassy or send a mail to them.,0,ham
Hello- thanx for taking that call. I got a job! Starts on monday!,0,ham
She.s find. I sent you an offline message to know how anjola's now.,0,ham
FREE for 1st week! No1 Nokia tone 4 ur mobile every week just txt NOKIA to 8077 Get txting and tell ur mates. www.getzed.co.uk POBox 36504 W45WQ 16+ norm150p/tone,1,spam
As one of our registered subscribers u can enter the draw 4 a 100 G.B. gift voucher by replying with ENTER. To unsubscribe text STOP,1,spam
"Vikky, come around  &lt;TIME&gt; ..",0,ham
"Oh, my love, it's soooo good to hear from you. Omg I missed you so much today. I'm sorry your having problems with the provider but thank you for tming me",0,ham
ALSO TELL HIM I SAID HAPPY BIRTHDAY,0,ham
SMS AUCTION - A BRAND NEW Nokia 7250 is up 4 auction today! Auction is FREE 2 join & take part! Txt NOKIA to 86021 now! HG/Suite342/2Lands Row/W1J6HL,1,spam
"Yep, by the pretty sculpture",0,ham
"Congratulations! Thanks to a good friend U have WON the £2,000 Xmas prize. 2 claim is easy, just call 08718726971 NOW! Only 10p per minute. BT-national-rate.",1,spam
Hey gorgeous man. My work mobile number is. Have a good one babe. Squishy Mwahs.,0,ham
Santa Calling! Would your little ones like a call from Santa Xmas eve? Call 09058094583 to book your time.,1,spam
"Customer service announcement. We recently tried to make a delivery to you but were unable to do so, please call 07099833605 to re-schedule. Ref:9280114",1,spam
I want snow. It's just freezing and windy.,0,ham
"My fri ah... Okie lor,goin 4 my drivin den go shoppin after tt...",0,ham
What year. And how many miles.,0,ham
"'Wnevr i wana fal in luv vth my books, My bed fals in luv vth me..!'' . Yen madodu, nav pretsorginta, nammanna pretsovru important alwa....!!:) Gud eveB-).",0,ham
No. Did you multimedia message them or e-mail?,0,ham
Cos i want it to be your thing,0,ham
Its  &lt;#&gt; k here oh. Should i send home for sale.,0,ham
No other Valentines huh? The proof is on your fb page. Ugh I'm so glad I really DIDN'T watch your rupaul show you TOOL!,0,ham
Love it! Daddy will make you scream with pleasure! I am going to slap your ass with my dick!,0,ham
Okie.. Thanx..,0,ham
I'll reach in ard 20 mins ok...,0,ham
* Thought I didn't see you.,0,ham
Want 2 get laid tonight? Want real Dogging locations sent direct 2 ur mob? Join the UK's largest Dogging Network bt Txting GRAVEL to 69888! Nt. ec2a. 31p.msg@150p,1,spam
Are you this much buzy,0,ham
But i'm really really broke oh. No amount is too small even  &lt;#&gt;,0,ham
K..k.:)congratulation ..,0,ham
"That's cool he'll be here all night, lemme know when you're around",0,ham
I thk 530 lor. But dunno can get tickets a not. Wat u doing now?,0,ham
Does not operate after  &lt;#&gt;  or what,0,ham
Hey what are you doing. Y no reply pa..,0,ham
V skint too but fancied few bevies.waz gona go meet &othrs in spoon but jst bin watchng planet earth&sofa is v comfey; If i dont make it hav gd night,0,ham
You still coming tonight?,0,ham
Yes:)here tv is always available in work place..,0,ham
Ard 530 lor. I ok then message ü lor.,0,ham
U 447801259231 have a secret admirer who is looking 2 make contact with U-find out who they R*reveal who thinks UR so special-call on 09058094597,1,spam
"Babe! How goes that day ? What are you up to ? I miss you already, my Love ... * loving kiss* ... I hope everything goes well.",0,ham
Guess what! Somebody you know secretly fancies you! Wanna find out who it is? Give us a call on 09065394973 from Landline DATEBox1282EssexCM61XN 150p/min 18,1,spam
RT-KIng Pro Video Club>> Need help? info@ringtoneking.co.uk or call 08701237397 You must be 16+ Club credits redeemable at www.ringtoneking.co.uk! Enjoy!,1,spam
I'm at home n ready...,0,ham
Ugh its been a long day. I'm exhausted. Just want to cuddle up and take a nap,0,ham
From here after The performance award is calculated every two month.not for current one month period..,0,ham
I like dis sweater fr mango but no more my size already so irritating.,0,ham
K.then any other special?,0,ham
Pls confirm the time to collect the cheque.,0,ham
Babe ? I lost you ... Will you try rebooting ?,0,ham
I.ll give her once i have it. Plus she said grinule greet you whenever we speak,0,ham
"We made it! Eta at taunton is 12:30 as planned, hope that‘s still okday?! Good to see you! :-xx",0,ham
Can you call me plz. Your number shows out of coveragd area. I have urgnt call in vasai &amp; have to reach before 4'o clock so call me plz,0,ham
Me hungry buy some food good lei... But mum n yun dun wan juz buy a little bit...,0,ham
"For you information, IKEA is spelled with all caps. That is not yelling. when you thought i had left you, you were sitting on the bed among the mess when i came in. i said we were going after you got home from class. please don't try and bullshit me. It makes me want to listen to you less.",0,ham
"ou are guaranteed the latest Nokia Phone, a 40GB iPod MP3 player or a £500 prize! Txt word: COLLECT to No: 83355! IBHltd LdnW15H 150p/Mtmsgrcvd18",1,spam
We walked from my moms. Right on stagwood pass right on winterstone left on victors hill. Address is &lt;#&gt;,0,ham
The wine is flowing and i'm i have nevering..,0,ham
Thanks for loving me so. You rock,0,ham
"Awesome, plan to get here any time after like  &lt;#&gt; , I'll text you details in a wee bit",0,ham
"House-Maid is the murderer, coz the man was murdered on  &lt;#&gt; th January.. As public holiday all govt.instituitions are closed,including post office..understand?",0,ham
"Funny fact Nobody teaches volcanoes 2 erupt, tsunamis 2 arise, hurricanes 2 sway aroundn no 1 teaches hw 2 choose a wife Natural disasters just happens",0,ham
Missed call alert. These numbers called but left no message. 07008009200,1,spam
"Alright we're hooked up, where you guys at",0,ham
Near kalainar tv office.thenampet,0,ham
Thanx a lot...,0,ham
URGENT! Your Mobile number has been awarded with a £2000 prize GUARANTEED. Call 09061790121 from land line. Claim 3030. Valid 12hrs only 150ppm,1,spam
"Yes, princess. Toledo.",0,ham
You have 1 new message. Please call 08712400200.,1,spam
Me i'm not workin. Once i get job...,0,ham
"You at mu? You should try to figure out how much money everyone has for gas and alcohol, jay and I are trying to figure out our weed budget",0,ham
Sounds like something that someone testing me would sayy,0,ham
"Sir, I am waiting for your mail.",0,ham
You've already got a flaky parent. It'snot supposed to be the child's job to support the parent...not until they're The Ride age anyway. I'm supposed to be there to support you. And now i've hurt you. unintentional. But hurt nonetheless.,0,ham
Mom wants to know where you at,0,ham
Our Prasanth ettans mother passed away last night. Just pray for her and family.,0,ham
Do ü all wan 2 meet up n combine all the parts? How's da rest of da project going?,0,ham
URGENT This is our 2nd attempt to contact U. Your £900 prize from YESTERDAY is still awaiting collection. To claim CALL NOW 09061702893,1,spam
Free video camera phones with Half Price line rental for 12 mths and 500 cross ntwk mins 100 txts. Call MobileUpd8 08001950382 or Call2OptOut/674,1,spam
Yes fine,0,ham
Yes i have. So that's why u texted. Pshew...missing you so much,0,ham
Today my system sh get ready.all is well and i am also in the deep well,0,ham
Your B4U voucher w/c 27/03 is MARSMS. Log onto www.B4Utele.com for discount credit. To opt out reply stop. Customer care call 08717168528,1,spam
And now electricity just went out fml.,0,ham
That's good. Lets thank God. Please complete the drug. Have lots of water. And have a beautiful day.,0,ham
This is my number by vivek..,0,ham
"Poyyarikatur,kolathupalayam,unjalur post,erode dis, &lt;#&gt; .",0,ham
Yo chad which gymnastics class do you wanna take? The site says Christians class is full..,0,ham
Had your mobile 11 months or more? U R entitled to Update to the latest colour mobiles with camera for Free! Call The Mobile Update Co FREE on 08002986030,1,spam
Bloomberg -Message center +447797706009 Why wait? Apply for your future http://careers. bloomberg.com,1,spam
I love working from home :),0,ham
U 2.,0,ham
I wont. So wat's wit the guys,0,ham
Hey... Very inconvenient for your sis a not huh?,0,ham
Lol no ouch but wish i'd stayed out a bit longer,0,ham
I dont understand your message.,0,ham
FREE>Ringtone! Reply REAL or POLY eg REAL1 1. PushButton 2. DontCha 3. BabyGoodbye 4. GoldDigger 5. WeBeBurnin 1st tone FREE and 6 more when u join for £3/wk,1,spam
Dont know supports ass and srt i thnk. I think ps3 can play through usb too,0,ham
RECPT 1/3. You have ordered a Ringtone. Your order is being processed...,1,spam
"Idk. You keep saying that you're not, but since he moved, we keep butting heads over freedom vs. responsibility. And i'm tired. I have so much other shit to deal with that i'm barely keeping myself together once this gets added to it.",0,ham
Wow so healthy. Old airport rd lor. Cant thk of anything else. But i'll b bathing my dog later.,0,ham
Why did I wake up on my own &gt;:(,0,ham
I got your back! Do you have any dislikes in bed?,0,ham
1st wk FREE! Gr8 tones str8 2 u each wk. Txt NOKIA ON to 8007 for Classic Nokia tones or HIT ON to 8007 for Polys. Nokia/150p Poly/200p 16+,1,spam
Wat uniform? In where get?,0,ham
I surely dont forgot to come:)i will always be in touch in with you:-),0,ham
Fine i miss you very much.,0,ham
"1.20 that call cost. Which i guess isnt bad. Miss ya, need ya, want ya, love ya",0,ham
"… we r stayin here an extra week, back next wed. How did we do in the rugby this weekend? Hi to and and , c u soon """,0,ham
Great NEW Offer - DOUBLE Mins & DOUBLE Txt on best Orange tariffs AND get latest camera phones 4 FREE! Call MobileUpd8 free on 08000839402 NOW! or 2stoptxt T&Cs,1,spam
22 days to kick off! For Euro2004 U will be kept up to date with the latest news and results daily. To be removed send GET TXT STOP to 83222,1,spam
I've told you everything will stop. Just dont let her get dehydrated.,0,ham
"Sorry,in meeting I'll call later",0,ham
"Dear Voucher Holder, To claim this weeks offer, at you PC please go to http://www.e-tlp.co.uk/reward. Ts&Cs apply.",1,spam
"Honey ? Sweetheart ? Darling ? Sexy buns ? Sugar plum ? Loverboy ? I miss you, boytoy ... *smacks your ass* Did you go to the gym too ?",0,ham
"Yeah there's barely enough room for the two of us, x has too many fucking shoes. Sorry man, see you later",0,ham
"Short But Cute: ""Be a good person, but dont try to prove it.."" .Gud noon....",0,ham
I remain unconvinced that this isn't an elaborate test of my willpower,0,ham
"U need my presnts always bcz U cant mis love. ""jeevithathile irulinae neekunna prakasamanu sneham"" prakasam ennal prabha 'That mns prabha is'LOVE' Got it. Dont mis me....",0,ham
"I hope your alright babe? I worry that you might have felt a bit desparate when you learned the job was a fake ? I am here waiting when you come back, my love",0,ham
Yeah. I got a list with only u and Joanna if I'm feeling really anti social,0,ham
And you! Will expect you whenever you text! Hope all goes well tomo,0,ham
Lol I know! Hey someone did a great inpersonation of flea on the forums. I love it!,0,ham
"Yeah I am, so I'll leave maybe 7ish?",0,ham
Hello madam how are you ?,0,ham
Would really appreciate if you call me. Just need someone to talk to.,0,ham
"UpgrdCentre Orange customer, you may now claim your FREE CAMERA PHONE upgrade for your loyalty. Call now on 0207 153 9153. Offer ends 26th July. T&C's apply. Opt-out available",1,spam
"Haha better late than ever, any way I could swing by?",0,ham
I only work from mon to thurs but Sat i cant leh... Booked liao... Which other day u free?,0,ham
Yes its possible but dint try. Pls dont tell to any one k,0,ham
Or ü go buy wif him then i meet ü later can?,0,ham
Are u awake? Is there snow there?,0,ham
"WIN: We have a winner! Mr. T. Foley won an iPod! More exciting prizes soon, so keep an eye on ur mobile or visit www.win-82050.co.uk",1,spam
"SMS. ac sun0819 posts HELLO:""You seem cool, wanted to say hi. HI!!!"" Stop? Send STOP to 62468",1,spam
"SIX chances to win CASH! From 100 to 20,000 pounds txt> CSH11 and send to 87575. Cost 150p/day, 6days, 16+ TsandCs apply Reply HL 4 info",1,spam
Ok. But i finish at 6.,0,ham
Ok thanx...,0,ham
Hello. Damn this christmas thing. I think i have decided to keep this mp3 that doesnt work.,0,ham
The new deus ex game comin early next yr,0,ham
There r many model..sony ericson also der.. &lt;#&gt; ..it luks good bt i forgot modl no,0,ham
"You aren't coming home between class, right? I need to work out and shower!",0,ham
"Do whatever you want. You know what the rules are. We had a talk earlier this week about what had to start happening, you showing responsibility. Yet, every week it's can i bend the rule this way? What about that way? Do whatever. I'm tired of having thia same argument with you every week. And a  &lt;#&gt;  movie DOESNT inlude the previews. You're still getting in after 1.",0,ham
I'm going 2 orchard now laready me reaching soon. U reaching?,0,ham
No no. I will check all rooms befor activities,0,ham
"Yes, princess. Are you going to make me moan?",0,ham
"No idea, I guess we'll work that out an hour after we're supposed to leave since as usual nobody has any interest in figuring shit out before the last second",0,ham
Are your freezing ? Are you home yet ? Will you remember to kiss your mom in the morning? Do you love me ? Do you think of me ? Are you missing me yet ?,0,ham
Thats cool. i liked your photos. You are very sexy!,0,ham
Haf u eaten? Wat time u wan me 2 come?,0,ham
"Erm... Woodland avenue somewhere. Do you get the parish magazine, his telephone number will be in there.",0,ham
"Machan you go to gym tomorrow,  i wil come late goodnight.",0,ham
Please call our customer service representative on 0800 169 6031 between 10am-9pm as you have WON a guaranteed £1000 cash or £5000 prize!,1,spam
Please CALL 08712402902 immediately as there is an urgent message waiting for you.,1,spam
Well done and ! luv ya all,0,ham
IM GONNAMISSU SO MUCH!!I WOULD SAY IL SEND U A POSTCARD BUTTHERES ABOUTAS MUCH CHANCE OF MEREMEMBERIN ASTHERE IS OFSI NOT BREAKIN HIS CONTRACT!! LUV Yaxx,0,ham
FreeMsg: Fancy a flirt? Reply DATE now & join the UKs fastest growing mobile dating service. Msgs rcvd just 25p to optout txt stop to 83021. Reply DATE now!,1,spam
Probably gonna swing by in a wee bit,0,ham
"I haven't forgotten you, i might have a couple bucks to send you tomorrow, k? I love ya too",0,ham
Back in brum! Thanks for putting us up and keeping us all and happy. See you soon,0,ham
Then we gotta do it after that,0,ham
Going on nothing great.bye,0,ham
I not at home now lei...,0,ham
So is there anything specific I should be doing with regards to jaklin or what because idk what the fuck,0,ham
No problem with the renewal. I.ll do it right away but i dont know his details.,0,ham
"Thanx 4 the time weve spent 2geva, its bin mint! Ur my Baby and all I want is u!xxxx",0,ham
I think i've fixed it can you send a test message?,0,ham
"My painful personal thought- ""I always try to keep everybody happy all the time. But nobody recognises me when i am alone""",0,ham
Call Germany for only 1 pence per minute! Call from a fixed line via access number 0844 861 85 85. No prepayment. Direct access! www.telediscount.co.uk,1,spam
Dunno i juz askin cos i got a card got 20% off 4 a salon called hair sense so i tot it's da one ü cut ur hair.,0,ham
Ok lar i double check wif da hair dresser already he said wun cut v short. He said will cut until i look nice.,0,ham
Great News! Call FREEFONE 08006344447 to claim your guaranteed £1000 CASH or £2000 gift. Speak to a live operator NOW!,1,spam
Hello beautiful r u ok? I've kinda ad a row wiv and he walked out the pub?? I wanted a night wiv u Miss u,0,ham
"CAN I PLEASE COME UP NOW IMIN TOWN.DONTMATTER IF URGOIN OUTL8R,JUST REALLYNEED 2DOCD.PLEASE DONTPLEASE DONTIGNORE MYCALLS,U NO THECD ISV.IMPORTANT TOME 4 2MORO",0,ham
4mths half price Orange line rental & latest camera phones 4 FREE. Had your phone 11mths ? Call MobilesDirect free on 08000938767 to update now! or2stoptxt,1,spam
Sorry that was my uncle. I.ll keep in touch,0,ham
Alright. I'm out--have a good night!,0,ham
Thinkin about someone is all good. No drugs for that,0,ham
5p 4 alfie Moon's Children in need song on ur mob. Tell ur m8s. Txt Tone charity to 8007 for Nokias or Poly charity for polys: zed 08701417012 profit 2 charity.,1,spam
"Sir, hope your day is going smoothly. i really hoped i wont have to bother you about this. I have some bills that i can't settle this month. I am out of all extra cash. I know this is a challenging time for you also but i have to let you know.",0,ham
I emailed yifeng my part oredi.. Can ü get it fr him..,0,ham
"Ok da, i already planned. I wil pick you.",0,ham
I enjoy watching and playing football and basketball. Anything outdoors. And you?,0,ham
I was slept that time.you there?,0,ham
Why nothing. Ok anyway give me treat,0,ham
K.k:)apo k.good movie.,0,ham
She left it very vague. She just said she would inform the person in accounting about the delayed rent and that i should discuss with the housing agency about my renting another place. But checking online now and all places around usc are  &lt;#&gt;  and up,0,ham
I sent lanre fakeye's Eckankar details to the mail box,0,ham
Good. Good job. I like entrepreneurs,0,ham
YES! The only place in town to meet exciting adult singles is now in the UK. Txt CHAT to 86688 now! 150p/Msg.,1,spam
Need a coffee run tomo?Can't believe it's that time of week already,0,ham
I'm stuck in da middle of da row on da right hand side of da lt...,0,ham
Ur HMV Quiz cash-balance is currently £500 - to maximize ur cash-in now send HMV1 to 86688 only 150p/msg,1,spam
"I'm there and I can see you, but you can't see me ? Maybe you should reboot ym ? I seen the buzz",0,ham
BABE !!! I miiiiiiissssssssss you ! I need you !!! I crave you !!! :-( ... Geeee ... I'm so sad without you babe ... I love you ...,0,ham
Oh. U must have taken your REAL Valentine out shopping first.,0,ham
"0A$NETWORKS allow companies to bill for SMS, so they are responsible for their ""suppliers"", just as a shop has to give a guarantee on what they sell. B. G.",1,spam
Sounds great! Are you home now?,0,ham
"Ups which is 3days also, and the shipping company that takes 2wks. The other way is usps which takes a week but when it gets to lag you may have to bribe nipost to get your stuff.",0,ham
"FREE MESSAGE Activate your 500 FREE Text Messages by replying to this message with the word FREE For terms & conditions, visit www.07781482378.com",1,spam
Hey leave it. not a big deal:-) take care.,0,ham
By monday next week. Give me the full gist,0,ham
Also remember to get dobby's bowl from your car,0,ham
Okay. I've seen it. So i should pick it on friday?,0,ham
"Cant believe i said so many things to you this morning when all i really wanted to say was good morning, i love you! Have a beautiful morning. See you in the library later.",0,ham
"Hm good morning, headache anyone? :-)",0,ham
I love you. You set my soul on fire. It is not just a spark. But it is a flame. A big rawring flame. XoXo,0,ham
"So many people seems to be special at first sight, But only very few will remain special to you till your last sight.. Maintain them till life ends.. Sh!jas",0,ham
Er mw im filled tuth is aight,0,ham
"Superb Thought- ""Be grateful that u dont have everything u want. That means u still have an opportunity to be happier tomorrow than u are today."":-)",0,ham
Badrith is only for chennai:)i will surely pick for us:)no competition for him.,0,ham
XMAS iscoming & ur awarded either £500 CD gift vouchers & free entry 2 r £100 weekly draw txt MUSIC to 87066 TnC www.Ldew.com1win150ppmx3age16subscription,1,spam
That is wondar full flim.,0,ham
You are a very very very very bad girl. Or lady.,0,ham
Didn't you get hep b immunisation in nigeria.,0,ham
Keep my payasam there if rinu brings,0,ham
Mm that time you dont like fun,0,ham
"Text me when you get off, don't call, my phones having problems",0,ham
Then anything special?,0,ham
Hi where you. You in home or calicut?,0,ham
Its just the effect of irritation. Just ignore it,0,ham
That's y u haf 2 keep me busy...,0,ham
Lol I know! They're so dramatic. Schools already closed for tomorrow. Apparently we can't drive in the inch of snow were supposed to get.,0,ham
"Fuck babe ... I miss you already, you know ? Can't you let me send you some money towards your net ? I need you ... I want you ... I crave you ...",0,ham
Hey sexy buns! What of that day? No word from you this morning on YM ... :-( ... I think of you,0,ham
I've been searching for the right words to thank you for this breather. I promise i wont take your help for granted and will fulfil my promise. You have been wonderful and a blessing at all times.,0,ham
I can do that! I want to please you both inside and outside the bedroom...,0,ham
What time you coming down later?,0,ham
"Sorry, my battery died, I can come by but I'm only getting a gram for now, where's your place?",0,ham
He is world famamus....,0,ham
"Especially since i talk about boston all up in my personal statement, lol! I woulda changed that if i had realized it said nyc! It says boston now.",0,ham
Wanna do some art?! :D,0,ham
Cramps stopped. Going back to sleep,0,ham
"Its ok., i just askd did u knw tht no?",0,ham
WOT STUDENT DISCOUNT CAN U GET ON BOOKS?,0,ham
"Sorry, I guess whenever I can get a hold of my connections, maybe an hour or two? I'll text you",0,ham
I'm in a movie. Call me 4 wat?,0,ham
Send to someone else :-),0,ham
URGENT! We are trying to contact U. Todays draw shows that you have won a £2000 prize GUARANTEED. Call 09066358361 from land line. Claim Y87. Valid 12hrs only,1,spam
Yup i'm free...,0,ham
it's still not working. And this time i also tried adding zeros. That was the savings. The checking is  &lt;#&gt;,0,ham
:-( that's not v romantic!,0,ham
Oh ok..,0,ham
will you like to be spoiled? :),0,ham
I'm not driving... Raining! Then i'll get caught at e mrt station lor.,0,ham
Its ok..come to my home it vl nice to meet and v can chat..,0,ham
Are you at work right now ?,0,ham
S.i think he is waste for rr..,0,ham
Fffff. Can you text kadeem or are you too far gone,0,ham
So can collect ur laptop?,0,ham
"Hello. No news on job, they are making me wait a fifth week! Yeah im up for some woozles and weasels... In exeter still, but be home about 3.",0,ham
Thanks 4 your continued support Your question this week will enter u in2 our draw 4 £100 cash. Name the NEW US President? txt ans to 80082,1,spam
Infact happy new year. How are you where are you when are we seeing,0,ham
"Dear friends, sorry for the late information. Today is the birthday of our loving Ar.Praveesh. for more details log on to face book and see. Its his number + &lt;#&gt; . Dont miss a delicious treat.",0,ham
"life alle mone,eppolum oru pole allalo",0,ham
Lol your right. What diet? Everyday I cheat anyway. I'm meant to be a fatty :(,0,ham
okmail: Dear Dave this is your final notice to collect your 4* Tenerife Holiday or #5000 CASH award! Call 09061743806 from landline. TCs SAE Box326 CW25WX 150ppm,1,spam
K:)all the best:)congrats...,0,ham
I donno its in your genes or something,0,ham
Ok. Very good. Its all about making that money.,0,ham
Hey sathya till now we dint meet not even a single time then how can i saw the situation sathya.,0,ham
Goodmorning sleeping ga.,0,ham
Cant think of anyone with * spare room off * top of my head,0,ham
Yar he quite clever but aft many guesses lor. He got ask me 2 bring but i thk darren not so willing 2 go. Aiya they thk leona still not attach wat.,0,ham
Reason is if the team budget is available at last they buy the unsold players for at base rate..,0,ham
Later i guess. I needa do mcat study too.,0,ham
"Want to funk up ur fone with a weekly new tone reply TONES2U 2 this text. www.ringtones.co.uk, the original n best. Tones 3GBP network operator rates apply",1,spam
"Got ur mail Dileep.thank you so muchand look forward to lots of support...very less contacts here,remember one venugopal you mentioned.tomorrow if not late,i shall try to come up till there.goodnight dear.",0,ham
"awesome, how do I deal with the gate? Charles told me last night but, uh, yeah",0,ham
"As I entered my cabin my PA said, '' Happy B'day Boss !!''. I felt special. She askd me 4 lunch. After lunch she invited me to her apartment. We went there.",0,ham
Ok i juz receive..,0,ham
Do you know where my lab goggles went,0,ham
Hi. I'm always online on yahoo and would like to chat with you someday,0,ham
Aah! A cuddle would be lush! I'd need lots of tea and soup before any kind of fumbling!,0,ham
I'm home. Ard wat time will u reach?,0,ham
Idea will soon get converted to live:),0,ham
Sorry to be a pain. Is it ok if we meet another night? I spent late afternoon in casualty and that means i haven't done any of y stuff42moro and that includes all my time sheets and that. Sorry.,0,ham
Wat r u doing now?,0,ham
Networking technical support associate.,0,ham
We're on the opposite side from where we dropped you off,0,ham
I don know account details..i will ask my mom and send you.my mom is out of reach now.,0,ham
"Best msg: It's hard to be with a person, when u know that one more step foward will make u fall in love.. &amp; One step back can ruin ur friendship.. good night:-) ...",0,ham
Ü ready then call me...,0,ham
Hope youre not having too much fun without me!! see u tomorrow love jess x,0,ham
WIN a year supply of CDs 4 a store of ur choice worth £500 & enter our £100 Weekly draw txt MUSIC to 87066 Ts&Cs www.Ldew.com.subs16+1win150ppmx3,1,spam
I'm going 4 lunch now wif my family then aft dat i go str 2 orchard lor.,0,ham
"Trust me. Even if isn't there, its there.",0,ham
Am i that much dirty fellow?,0,ham
Big brother‘s really scraped the barrel with this shower of social misfits,0,ham
Nope i'm not drivin... I neva develop da photos lei...,0,ham
Can not use foreign stamps in this country.,0,ham
"For ur chance to win a £250 cash every wk TXT: ACTION to 80608. T's&C's www.movietrivia.tv custcare 08712405022, 1x150p/wk.",1,spam
"FREE NOKIA Or Motorola with upto 12mths 1/2price linerental, 500 FREE x-net mins&100txt/mth FREE B'tooth*. Call Mobileupd8 on 08001950382 or call 2optout/D3WV",1,spam
Can... I'm free...,0,ham
Cos darren say ü considering mah so i ask ü...,0,ham
How r ü going to send it to me?,0,ham
HI ITS JESS I DONT KNOW IF YOU ARE AT WORK BUT CALL ME WHEN U CAN IM AT HOME ALL EVE. XXX,0,ham
No..he joined today itself.,0,ham
Purity of friendship between two is not about smiling after reading the forwarded message..Its about smiling just by seeing the name. Gud evng musthu,0,ham
HARD BUT TRUE: How much you show &amp;  express your love to someone....that much it will hurt when they leave you or you get seperated...!鈥┾??〨ud evening...,0,ham
"I prefer my free days... Tues, wed, fri oso can... Ü ask those workin lor...",0,ham
Hi. || Do u want | to join me with sts later? || Meeting them at five. || Call u after class.,0,ham
K:)k:)what are detail you want to transfer?acc no enough?,0,ham
"My Parents, My Kidz, My Friends n My Colleagues. All screaming.. SURPRISE !! and I was waiting on the sofa.. ... ..... ' NAKED...!",0,ham
U don't know how stubborn I am. I didn't even want to go to the hospital. I kept telling Mark I'm not a weak sucker. Hospitals are for weak suckers.,0,ham
Do you want a New Nokia 3510i colour phone DeliveredTomorrow? With 300 free minutes to any mobile + 100 free texts + Free Camcorder reply or call 08000930705.,1,spam
"Okay, good, no problem, and thanx!",0,ham
Ok thanx... Take care then...,0,ham
Valentines Day Special! Win over £1000 in our quiz and take your partner on the trip of a lifetime! Send GO to 83600 now. 150p/msg rcvd. CustCare:08718720201,1,spam
She.s fine. I have had difficulties with her phone. It works with mine. Can you pls send her another friend request.,0,ham
"Alright we'll bring it to you, see you in like  &lt;#&gt;  mins",0,ham
Theyre doing it to lots of places. Only hospitals and medical places are safe.,0,ham
I'm very happy for you babe ! Woo hoo party on dude!,0,ham
"Like I made him throw up when we were smoking in our friend's car one time, it was awesome",0,ham
I taught that Ranjith sir called me. So only i sms like that. Becaus hes verifying about project. Prabu told today so only pa dont mistake me..,0,ham
Chk in ur belovd ms dict,0,ham
Yes ammae....life takes lot of turns you can only sit and try to hold the steering...,0,ham
Dunno he jus say go lido. Same time 930.,0,ham
You didn't have to tell me that...now i'm thinking. Plus he's going to stop all your runs,0,ham
There the size of elephant tablets & u shove um up ur ass!!,0,ham
I'm doing da intro covers energy trends n pros n cons... Brief description of nuclear fusion n oso brief history of iter n jet got abt 7 n half pages..,0,ham
"Goodmorning, Today i am late for  &lt;#&gt; min.",0,ham
She ran off with a younger man. we will make pretty babies together :),0,ham
Hey i will be late ah... Meet you at 945+,0,ham
Yup. Izzit still raining heavily cos i'm in e mrt i can't c outside.,0,ham
"Until 545 lor... Ya, can go 4 dinner together...",0,ham
"Orange brings you ringtones from all time Chart Heroes, with a free hit each week! Go to Ringtones & Pics on wap. To stop receiving these tips reply STOP.",1,spam
Usually the body takes care of it buy making sure it doesnt progress. Can we pls continue this talk on saturday.,0,ham
Is xy going 4 e lunch?,0,ham
WOT U WANNA DO THEN MISSY?,0,ham
IM FINE BABES AINT BEEN UP 2 MUCH THO! SAW SCARY MOVIE YEST ITS QUITE FUNNY! WANT 2MRW AFTERNOON? AT TOWN OR MALL OR SUMTHIN?xx,0,ham
4 oclock at mine. Just to bash out a flat plan.,0,ham
U buy newspapers already?,0,ham
Dont let studying stress you out. L8r.,0,ham
Give one miss from that number please,0,ham
Am in film ill call you later.,0,ham
No. I.ll meet you in the library,0,ham
Wot is u up 2 then bitch?,0,ham
R we still meeting 4 dinner tonight?,0,ham
Huh? 6 also cannot? Then only how many mistakes?,0,ham
"Hiya , have u been paying money into my account? If so, thanks. Got a pleasant surprise when i checked my balance -u c, i don't get statements 4 that acc",0,ham
K k :-):-) then watch some films.,0,ham
U reach orchard already? U wan 2 go buy tickets first?,0,ham
Been running but only managed 5 minutes and then needed oxygen! Might have to resort to the roller option!,0,ham
Quite late lar... Ard 12 anyway i wun b drivin...,0,ham
"Tick, tick, tick ... Babe",0,ham
Okay lor... Will they still let us go a not ah? Coz they will not know until later. We drop our cards into the box right?,0,ham
Well there's a pattern emerging of my friends telling me to drive up and come smoke with them and then telling me that I'm a weed fiend/make them smoke too much/impede their doing other things so you see how I'm hesitant,0,ham
All was well until slightly disastrous class this pm with my fav darlings! Hope day off ok. Coffee wld be good as can't stay late tomorrow. Same time + place as always?,0,ham
"Not for possession, especially not first offense",0,ham
Yup i'm still having coffee wif my frens... My fren drove she'll give me a lift...,0,ham
Buy Space Invaders 4 a chance 2 win orig Arcade Game console. Press 0 for Games Arcade (std WAP charge) See o2.co.uk/games 4 Terms + settings. No purchase,1,spam
No but the bluray player can,0,ham
"The world is running and i am still.maybe all are feeling the same,so be it.or i have to admit,i am mad.then where is the correction?or let me call this is life.and keep running with the world,may be u r also running.lets run.",0,ham
Hi..i got the money da:),0,ham
Nope... C ü then...,0,ham
u r a winner U ave been specially selected 2 receive £1000 cash or a 4* holiday (flights inc) speak to a live operator 2 claim 0871277810710p/min (18 ),1,spam
Boy; I love u Grl: Hogolo Boy: gold chain kodstini Grl: Agalla Boy: necklace madstini Grl: agalla Boy: Hogli 1 mutai eerulli kodthini! Grl: I love U kano;-),0,ham
I'm always on yahoo messenger now. Just send the message to me and i.ll get it you may have to send it in the mobile mode sha but i.ll get it. And will reply.,0,ham
True. Its easier with her here.,0,ham
"Yo, you around? Just got my car back",0,ham
"Well imma definitely need to restock before thanksgiving, I'll let you know when I'm out",0,ham
Sunshine Quiz! Win a super Sony DVD recorder if you canname the capital of Australia? Text MQUIZ to 82277. B,1,spam
Your gonna have to pick up a $1 burger for yourself on your way home. I can't even move. Pain is killing me.,0,ham
Crazy ar he's married. Ü like gd looking guys not me. My frens like say he's korean leona's fave but i dun thk he is. Aft some thinking mayb most prob i'll go.,0,ham
I've reached home finally...,0,ham
Genius what's up. How your brother. Pls send his number to my skype.,0,ham
I come n pick ü up... Come out immediately aft ur lesson...,0,ham
We are okay. Going to sleep now. Later,0,ham
Customer Loyalty Offer:The NEW Nokia6650 Mobile from ONLY £10 at TXTAUCTION! Txt word: START to No: 81151 & get yours Now! 4T&Ctxt TC 150p/MTmsg,1,spam
"Me, i dont know again oh",0,ham
"Jolly good! By the way,  will give u tickets for sat eve 7.30. Speak before then x",0,ham
Sex up ur mobile with a FREE sexy pic of Jordan! Just text BABE to 88600. Then every wk get a sexy celeb! PocketBabe.co.uk 4 more pics. 16 £3/wk 087016248,1,spam
Be happy there. I will come after noon,0,ham
"Thank you so much. When we skyped wit kz and sura, we didnt get the pleasure of your company. Hope you are good. We've given you ultimatum oh! We are countin down to aburo. Enjoy! This is the message i sent days ago",0,ham
Going thru a very different feeling.wavering decisions and coping up with the same is the same individual.time will heal everything i believe.,0,ham
Howz pain?hope u r fine..,0,ham
Ok lor then we go tog lor...,0,ham
"URGENT, IMPORTANT INFORMATION FOR O2 USER. TODAY IS YOUR LUCKY DAY! 2 FIND OUT WHY LOG ONTO HTTP://WWW.URAWINNER.COM THERE IS A FANTASTIC SURPRISE AWAITING FOR YOU",1,spam
I'm freezing and craving ice. Fml,0,ham
Rightio. 11.48 it is then. Well arent we all up bright and early this morning.,0,ham
Had your mobile 10 mths? Update to latest Orange camera/video phones for FREE. Save £s with Free texts/weekend calls. Text YES for a callback orno to opt out,1,spam
"Sure, whenever you show the fuck up &gt;:(",0,ham
I love you both too :-),0,ham
If u dun drive then how i go 2 sch.,0,ham
"Awesome, text me when you're restocked",0,ham
I wish! I don't think its gonna snow that much. But it will be more than those flurries we usually get that melt before they hit the ground. Eek! We haven't had snow since &lt;#&gt; before I was even born!,0,ham
"Hello, my boytoy! I made it home and my constant thought is of you, my love. I hope your having a nice visit but I can't wait till you come home to me ...*kiss*",0,ham
Ok.. Ü finishing soon?,0,ham
"I'm eatin now lor, but goin back to work soon... E mountain deer show huh... I watch b4 liao, very nice...",0,ham
Have you heard about that job? I'm going to that wildlife talk again tonight if u want2come. Its that2worzels and a wizzle or whatever it is?!,0,ham
"URGENT! Your mobile No 07xxxxxxxxx won a £2,000 bonus caller prize on 02/06/03! this is the 2nd attempt to reach YOU! call 09066362231 ASAP! BOX97N7QP, 150PPM",1,spam
I like cheap! But i‘m happy to splash out on the wine if it makes you feel better..,0,ham
"Dear Matthew please call 09063440451 from a landline, your complimentary 4*Lux Tenerife holiday or £1000 CASH await collection. ppm150 SAE T&Cs Box334 SK38XH.",1,spam
Tmr timin still da same wat cos i got lesson until 6...,0,ham
Hmm...my uncle just informed me that he's paying the school directly. So pls buy food.,0,ham
Pls she needs to dat slowly or she will vomit more.,0,ham
I'm in class. Will holla later,0,ham
That's the way you should stay oh.,0,ham
Can you do a mag meeting this avo at some point?,0,ham
Today is ACCEPT DAY..U Accept me as? Brother Sister Lover Dear1 Best1 Clos1 Lvblefrnd Jstfrnd Cutefrnd Lifpartnr Belovd Swtheart Bstfrnd No rply means enemy,0,ham
FreeMsg:Feelin kinda lnly hope u like 2 keep me company! Jst got a cam moby wanna c my pic?Txt or reply DATE to 82242 Msg150p 2rcv Hlp 08712317606 stop to 82242,1,spam
goldviking (29/M) is inviting you to be his friend. Reply YES-762 or NO-762 See him: www.SMS.ac/u/goldviking STOP? Send STOP FRND to 62468,1,spam
Oh is it? Send me the address,0,ham
In e msg jus now. U said thanks for gift.,0,ham
"Although i told u dat i'm into baig face watches now but i really like e watch u gave cos it's fr u. Thanx 4 everything dat u've done today, i'm touched...",0,ham
Just trying to figure out when I'm suppose to see a couple different people this week. We said we'd get together but I didn't set dates,0,ham
I have lost 10 kilos as of today!,0,ham
Cos i was out shopping wif darren jus now n i called him 2 ask wat present he wan lor. Then he started guessing who i was wif n he finally guessed darren lor.,0,ham
"Urgent Urgent! We have 800 FREE flights to Europe to give away, call B4 10th Sept & take a friend 4 FREE. Call now to claim on 09050000555. BA128NNFWFLY150ppm",1,spam
Maybe you should find something else to do instead???,0,ham
Hey no I ad a crap nite was borin without ya 2 boggy with me u boring biatch! Thanx but u wait til nxt time il ave ya,0,ham
OK i'm waliking ard now... Do u wan me 2 buy anything go ur house?,0,ham
K.i will send in  &lt;#&gt;  min:),0,ham
Ugh my leg hurts. Musta overdid it on mon.,0,ham
Is fujitsu s series lifebook good?,0,ham
"Did you hear about the new ""Divorce Barbie""? It comes with all of Ken's stuff!",1,spam
Talk sexy!! Make new friends or fall in love in the worlds most discreet text dating service. Just text VIP to 83110 and see who you could meet.,1,spam
Hey next sun 1030 there's a basic yoga course... at bugis... We can go for that... Pilates intro next sat.... Tell me what time you r free,0,ham
Yunny... I'm goin to be late,0,ham
Jus finish bathing...,0,ham
Well i will watch shrek in 3D!!B),0,ham
Don know. I did't msg him recently.,0,ham
Send his number and give reply tomorrow morning for why you said that to him like that ok,0,ham
Wat time ü finish?,0,ham
Am also doing in cbe only. But have to pay.,0,ham
Mum ask ü to buy food home...,0,ham
"Do you ever notice that when you're driving, anyone going slower than you is an idiot and everyone driving faster than you is a maniac?",1,spam
U have a Secret Admirer who is looking 2 make contact with U-find out who they R*reveal who thinks UR so special-call on 09065171142-stopsms-08718727870150ppm,1,spam
Check audrey's status right now,0,ham
Anything lor if they all go then i go lor...,0,ham
Sending you greetings of joy and happiness. Do have a gr8 evening,0,ham
Spoons it is then okay?,0,ham
Gud ni8 dear..slp well..take care..swt dreams..Muah..,0,ham
Oh my God. I'm almost home,0,ham
K...k...when will you give treat?,0,ham
"Ahhhh...just woken up!had a bad dream about u tho,so i dont like u right now :) i didnt know anything about comedy night but i guess im up for it.",0,ham
How much did ur hdd casing cost.,0,ham
You should know now. So how's anthony. Are you bringing money. I've school fees to pay and rent and stuff like that. Thats why i need your help. A friend in need....|,0,ham
"No, I was trying it all weekend ;V",0,ham
Sac will score big hundred.he is set batsman:-),0,ham
"Cool, I'll text you in a few",0,ham
I am going to film 2day da. At 6pm. Sorry da.,0,ham
Tell me they're female :V how're you throwing in? We're deciding what all to get now,0,ham
Hi.:)technical support.providing assistance to us customer through call and email:),0,ham
You won't believe it but it's true. It's Incredible Txts! Reply G now to learn truly amazing things that will blow your mind. From O2FWD only 18p/txt,1,spam
"Ok omw now, you at castor?",0,ham
I'm on my way home. Went to change batt 4 my watch then go shop a bit lor.,0,ham
"Hi Jon, Pete here, Ive bin 2 Spain recently & hav sum dinero left, Bill said u or ur rents mayb interested in it, I hav 12,000pes, so around £48, tb, James.",0,ham
"You are being contacted by our dating service by someone you know! To find out who it is, call from a land line 09050000928. PoBox45W2TG150P",1,spam
"URGENT! Your Mobile No 07808726822 was awarded a £2,000 Bonus Caller Prize on 02/09/03! This is our 2nd attempt to contact YOU! Call 0871-872-9758 BOX95QU",1,spam
"Haven't found a way to get another app for your phone, eh ? Will you go to the net cafe ? Did you take that job? Geeee I need you babe. I crave to see you ...",0,ham
So your telling me I coulda been your real Valentine and I wasn't? U never pick me for NOTHING!!,0,ham
I'm sorry. I've joined the league of people that dont keep in touch. You mean a great deal to me. You have been a friend at all times even at great personal cost. Do have a great week.|,0,ham
Well. Im computerless. Time to make some oreo truffles,0,ham
Only 2% students solved this CAT question in 'xam... 5+3+2= &lt;#&gt;  9+2+4= &lt;#&gt;  8+6+3= &lt;#&gt;  then 7+2+5=????? Tell me the answer if u r brilliant...1thing.i got d answr.,0,ham
"Dear all, as we know  &lt;#&gt; th is the  &lt;#&gt; th birthday of our loving Gopalettan. We are planning to give a small gift on that day. Those who like to participate in that you are welcome. Please contact our admin team for more details",0,ham
"no, i *didn't* mean to post it. I wrote it, and like so many other times i've ritten stuff to you, i let it sit there. it WAS what i was feeling at the time. I was angry. Before i left, i hit send, then stop. It wasn't there. I checked on my phone when i got to my car. It wasn't there. You said you didn't sleep, you were bored. So why wouldn't THAT be the time to clean, fold laundry, etc.? At least make the bed?",0,ham
yes baby! I need to stretch open your pussy!,0,ham
Ok enjoy . R u there in home.,0,ham
I'm fine. Hope you are also,0,ham
Wat ü doing now?,0,ham
We tried to contact you re your reply to our offer of a Video Handset? 750 anytime networks mins? UNLIMITED TEXT? Camcorder? Reply or call 08000930705 NOW,1,spam
What time do u get out?,0,ham
Are you happy baby ? Are you alright ? Did you take that job ? I hope your fine. I send you a kiss to make you smile from across the sea ... *kiss* *kiss*,0,ham
I didn't get the second half of that message,0,ham
I was gonna ask you lol but i think its at 7,0,ham
"Aight, tomorrow around  &lt;#&gt;  it is",0,ham
Life spend with someone for a lifetime may be meaningless but a few moments spent with someone who really love you means more than life itself..,0,ham
Was the actual exam harder than NBME,0,ham
Come aftr  &lt;DECIMAL&gt; ..now i m cleaning the house,0,ham
Wat u doing there?,0,ham
What is the plural of the noun research?,0,ham
Stop the story. I've told him i've returned it and he's saying i should not re order it.,0,ham
"Also sir, i sent you an email about how to log into the usc payment portal. I.ll send you another message that should explain how things are back home. Have a great weekend.",0,ham
R u over scratching it?,0,ham
Then we wait 4 u lor... No need 2 feel bad lar...,0,ham
Sunshine Quiz Wkly Q! Win a top Sony DVD player if u know which country Liverpool played in mid week? Txt ansr to 82277. £1.50 SP:Tyrone,1,spam
"FREE RING TONE just text ""POLYS"" to 87131. Then every week get a new tone. 0870737910216yrs only £1.50/wk.",1,spam
"A few people are at the game, I'm at the mall with iouri and kaila",0,ham
That seems unnecessarily hostile,0,ham
"Urgent! call 09061749602 from Landline. Your complimentary 4* Tenerife Holiday or £10,000 cash await collection SAE T&Cs BOX 528 HP20 1YF 150ppm 18+",1,spam
IM LATE TELLMISS IM ON MY WAY,0,ham
What's the significance?,0,ham
"Hey ! I want you ! I crave you ! I miss you ! I need you ! I love you, Ahmad Saeed al Hallaq ...",0,ham
Where can download clear movies. Dvd copies.,0,ham
Its a great day. Do have yourself a beautiful one.,0,ham
Jus came back fr lunch wif my sis only. U leh?,0,ham
You do got a shitload of diamonds though,0,ham
Well I'm going to be an aunty!,0,ham
Then wat r u doing now? Busy wif work?,0,ham
Ok lor wat time ü finish?,0,ham
I'm home. Doc gave me pain meds says everything is fine.,0,ham
"Sorry, I'll call later ok bye",0,ham
Nah dub but je still buff,0,ham
"Im sorry bout last nite it wasnt ur fault it was me, spouse it was pmt or sumthin! U 4give me? I think u shldxxxx",0,ham
Anything is valuable in only 2 situations: First- Before getting it... Second- After loosing it...,0,ham
How are you. Just checking up on you,0,ham
"You have been specially selected to receive a ""3000 award! Call 08712402050 BEFORE the lines close. Cost 10ppm. 16+. T&Cs apply. AG Promo",1,spam
"Dear Hero,i am leaving to qatar tonite for an apt opportunity.pls do keep in touch at  &lt;EMAIL&gt; ,kerala",0,ham
Din i tell u jus now 420,0,ham
Huh so early.. Then ü having dinner outside izzit?,0,ham
Yeah like if it goes like it did with my friends imma flip my shit in like half an hour,0,ham
Hey check it da. I have listed da.,0,ham
Hey so this sat are we going for the intro pilates only? Or the kickboxing too?,0,ham
My battery is low babe,0,ham
Anything...,0,ham
You will recieve your tone within the next 24hrs. For Terms and conditions please see Channel U Teletext Pg 750,1,spam
This message is brought to you by GMW Ltd. and is not connected to the,1,spam
When can ü come out?,0,ham
"Good afternoon, my love! How goes that day ? I hope maybe you got some leads on a job. I think of you, boytoy and send you a passionate kiss from across the sea",0,ham
Also fuck you and your family for going to rhode island or wherever the fuck and leaving me all alone the week I have a new bong &gt;:(,0,ham
Am in gobi arts college,0,ham
It will stop on itself. I however suggest she stays with someone that will be able to give ors for every stool.,0,ham
"HELLOGORGEOUS, HOWS U? MY FONE WAS ON CHARGE LST NITW WEN U TEXD ME. HOPEU AD A NICE WKEND AS IM SURE U DID LOOKIN 4WARD 2 C-IN U 2MRW LUV JAZ",0,ham
2 laptop... I noe infra but too slow lar... I wan fast one,0,ham
on a Tuesday night r u 4 real,0,ham
Tell me whos this pls:-),0,ham
No wonder... Cos i dun rem seeing a silver car... But i thk i saw a black one...,0,ham
Please da call me any mistake from my side sorry da. Pls da goto doctor.,0,ham
I have a rather prominent bite mark on my right cheek,0,ham
Sat right? Okay thanks...,0,ham
"OH YEAH,AND HAV A GREAT TIME IN NEWQUAY-SEND ME A POSTCARD !1 LOOK AFTER ALL THE GIRLS WHILE IM GONE(U KNOW THE 1IM TALKIN BOUT!)xx",0,ham
"Hey...Great deal...Farm tour 9am to 5pm $95/pax, $50 deposit by 16 May",0,ham
1Apple/Day=No Doctor. 1Tulsi Leaf/Day=No Cancer. 1Lemon/Day=No Fat. 1Cup Milk/day=No Bone Problms 3 Litres Watr/Day=No Diseases Snd ths 2 Whom U Care..:-),0,ham
Ya:)going for restaurant..,0,ham
We can make a baby in yo tho,0,ham
I am on the way to tirupur.,0,ham
Full heat pa:-) i have applyed oil pa.,0,ham
Tmr then ü brin lar... Aiya later i come n c lar... Mayb ü neva set properly ü got da help sheet wif ü...,0,ham
Ok. There may be a free gym about.,0,ham
These won't do. Have to move on to morphine,0,ham
One small prestige problem now.,0,ham
At the funeral home with Audrey and dad,0,ham
Where is it. Is there any opening for mca.,0,ham
Lol ok. I'll snatch her purse too.,0,ham
"Sad story of a Man - Last week was my b'day. My Wife did'nt wish me. My Parents forgot n so did my Kids . I went to work. Even my Colleagues did not wish. As I entered my cabin my PA said, '' Happy B'day Boss !!''. I felt special. She askd me 4 lunch. After lunch she invited me to her apartment. We went there. She said,'' do u mind if I go into the bedroom for a minute ? '' ''OK'', I sed in a sexy mood. She came out 5 minuts latr wid a cake...n My Wife, My Parents, My Kidz, My Friends n My Colleagues. All screaming.. SURPRISE !! and I was waiting on the sofa.. ... ..... ' NAKED...!",0,ham
Ron say fri leh. N he said ding tai feng cant make reservations. But he said wait lor.,0,ham
No break time one... How... I come out n get my stuff fr ü?,0,ham
I'm leaving my house now.,0,ham
"Can you please ask macho what his price range is, does he want something new or used plus it he only interfued in the blackberry bold  &lt;#&gt;  or any bb",0,ham
HI DARLIN I HOPE YOU HAD A NICE NIGHT I WISH I HAD COME CANT WAIT TO SEE YOU LOVE FRAN PS I WANT DIRTY ANAL SEX AND I WANT A 10 MAN GANG BANG,0,ham
Hey you can pay. With salary de. Only  &lt;#&gt; .,0,ham
Might ax well im there.,0,ham
PISS IS TALKING IS SOMEONE THAT REALISE U THAT POINT THIS AT IS IT.(NOW READ IT BACKWARDS),0,ham
"Right on brah, see you later",0,ham
"Get 3 Lions England tone, reply lionm 4 mono or lionp 4 poly. 4 more go 2 www.ringtones.co.uk, the original n best. Tones 3GBP network operator rates apply",1,spam
Ya that one is slow as poo,0,ham
I will be gentle princess! We will make sweet gentle love...,0,ham
To day class is there are no class.,0,ham
I'm already back home so no probably not,0,ham
"I call you later, don't have network. If urgnt, sms me.",0,ham
"The  &lt;#&gt; g that i saw a few days ago, the guy wants sell wifi only for  &lt;#&gt;  and with 3g for  &lt;#&gt; . That's why i blanked him.",0,ham
Lmao. Take a pic and send it to me.,0,ham
Oh sorry please its over,0,ham
Then get some cash together and I'll text jason,0,ham
I've not sent it. He can send me.,0,ham
Ok lor. I ned 2 go toa payoh 4 a while 2 return smth u wan 2 send me there or wat?,0,ham
Yeah you should. I think you can use your gt atm now to register. Not sure but if there's anyway i can help let me know. But when you do be sure you are ready.,0,ham
Oh dang! I didn't mean o send that to you! Lol!,0,ham
R we going with the  &lt;#&gt;  bus?,0,ham
"Do you know why god created gap between your fingers..? So that, One who is made for you comes &amp; fills those gaps by holding your hand with LOVE..!",0,ham
"K give me a sec, breaking a  &lt;#&gt;  at cstore",0,ham
"Hi , where are you? We're at  and they're not keen to go out i kind of am but feel i shouldn't so can we go out tomo, don't mind do you?",0,ham
I called but no one pick up e phone. I ask both of them already they said ok.,0,ham
Congratulations ur awarded either £500 of CD gift vouchers & Free entry 2 our £100 weekly draw txt MUSIC to 87066 TnCs www.Ldew.com1win150ppmx3age16,1,spam
Buy one egg for me da..please:),0,ham
"You can stop further club tones by replying ""STOP MIX"" See my-tone.com/enjoy. html for terms. Club tones cost GBP4.50/week. MFL, PO Box 1146 MK45 2WT (2/3)",1,spam
"Not yet chikku..k, then wat abt tht guy did he stopped irritating or msging to u..",0,ham
Havent shopping now lor i juz arrive only,0,ham
University of southern california.,0,ham
Ok i thk i got it. Then u wan me 2 come now or wat?,0,ham
Fuck cedar key and fuck her (come over anyway tho),0,ham
Would me smoking you out help us work through this difficult time,0,ham
"Kate jackson rec center before 7ish, right?",0,ham
No way I'm going back there!,0,ham
"Arms fine, how's Cardiff and uni?",0,ham
"Hey elaine, is today's meeting still on?",0,ham
As per your request 'Maangalyam (Alaipayuthe)' has been set as your callertune for all Callers. Press *9 to copy your friends Callertune,0,ham
"FRAN I DECIDED 2 GO N E WAY IM COMPLETELY BROKE AN KNACKERED I GOT UP BOUT 3 C U 2MRW LOVE JANX P.S THIS IS MY DADS FONE, -NO CREDIT",0,ham
U are subscribed to the best Mobile Content Service in the UK for £3 per ten days until you send STOP to 83435. Helpline 08706091795.,1,spam
Tension ah?what machi?any problem?,0,ham
Pls pls find out from aunt nike.,0,ham
Pathaya enketa maraikara pa',0,ham
"He has lots of used ones babe, but the model doesn't help. Youi have to bring it over and he'll match it up",0,ham
"Finally it has happened..! Aftr decades..! BEER is now cheaper than PETROL! The goverment expects us to ""DRINK"". . . But don't ""DRIVE """,0,ham
CHEERS FOR CALLIN BABE.SOZI CULDNT TALKBUT I WANNATELL U DETAILS LATER WENWECAN CHAT PROPERLY X,0,ham
Now get step 2 outta the way. Congrats again.,0,ham
Do you want bold 2 or bb torch,0,ham
How come guoyang go n tell her? Then u told her?,0,ham
"hey, looks like I was wrong and one of the kappa guys numbers is still on my phone, if you want I can text him and see if he's around",0,ham
"Forgot it takes me 3 years to shower, sorry. Where you at/your phone dead yet?",0,ham
08714712388 between 10am-7pm Cost 10p,1,spam
Ha! I wouldn't say that I just didn't read anything into way u seemed. I don't like 2 be judgemental....i save that for fridays in the pub!,0,ham
Hope you are having a great day.,0,ham
Just normal only here :),0,ham
"I feel like a dick because I keep sleeping through your texts and facebook messages. Sup, you in town?",0,ham
What's happening with you. Have you gotten a job and have you begun registration for permanent residency,0,ham
Waiting for your call.,0,ham
Er yep sure. Props?,0,ham
"Er yeah, i will b there at 15:26, sorry! Just tell me which pub/cafe to sit in and come wen u can",0,ham
K sure am in my relatives home. Sms me de. Pls:-),0,ham
"TheMob> Check out our newest selection of content, Games, Tones, Gossip, babes and sport, Keep your mobile fit and funky text WAP to 82468",1,spam
"If i let you do this, i want you in the house by 8am.",0,ham
money!!! you r a lucky winner ! 2 claim your prize text money 2 88600 over £1million to give away ! ppt150x3+normal text rate box403 w1t1jy,1,spam
I'm sick !! I'm needy !! I want you !! *pouts* *stomps feet* Where are you ?! *pouts* *stomps feet* I want my slave !! I want him now !!,0,ham
Well there's not a lot of things happening in Lindsay on New years *sighs* Some bars in Ptbo and the blue heron has something going,0,ham
"Good! No, don‘t need any receipts—well done! (…) Yes, please tell . What‘s her number, i could ring her",0,ham
Will be out of class in a few hours. Sorry,0,ham
"K so am I, how much for an 8th? Fifty?",0,ham
Have you emigrated or something? Ok maybe 5.30 was a bit hopeful...,0,ham
88800 and 89034 are premium phone services call 08718711108,1,spam
"It's cool, let me know before it kicks off around  &lt;#&gt; , I'll be out and about all day",0,ham
I hate when she does this. She turns what should be a fun shopping trip into an annoying day of how everything would look in her house.,0,ham
No problem. Talk to you later,0,ham
Well i know Z will take care of me. So no worries.,0,ham
"Coffee cake, i guess...",0,ham
How about getting in touch with folks waiting for company? Just txt back your NAME and AGE to opt in! Enjoy the community (150p/SMS),1,spam
"Hi this is yijue, can i meet u at 11 tmr?",0,ham
"Like  &lt;#&gt; , same question",0,ham
I've sent ü my part..,0,ham
Eat jap done oso aft ur lect wat... Ü got lect at 12 rite...,0,ham
"Thank you so much. When we skyped wit kz and sura, we didnt get the pleasure of your company. Hope you are good. We've given you ultimatum oh! We are countin down to aburo. Enjoy!",0,ham
Hi darlin im on helens fone im gonna b up the princes 2 nite please come up tb love Kate,0,ham
I will reach office around  &lt;DECIMAL&gt; . &amp; my mobile have problem. You cann't get my voice. So call you asa i'll free,0,ham
Ok but tell me half an hr b4 u come i need 2 prepare.,0,ham
hope things went well at 'doctors' ;) reminds me i still need 2go.did u c d little thing i left in the lounge?,0,ham
Omg I want to scream. I weighed myself and I lost more weight! Woohoo!,0,ham
Ok... Then r we meeting later?,0,ham
"Daddy, shu shu is looking 4 u... U wan me 2 tell him u're not in singapore or wat?",0,ham
"Probably not, still going over some stuff here",0,ham
How have your little darlings been so far this week? Need a coffee run tomo?Can't believe it's that time of week already …,0,ham
Panasonic & BluetoothHdset FREE. Nokia FREE. Motorola FREE & DoubleMins & DoubleTxt on Orange contract. Call MobileUpd8 on 08000839402 or call 2optout,1,spam
"Awesome, I'll see you in a bit",0,ham
NOT MUCH NO FIGHTS. IT WAS A GOOD NITE!!,0,ham
U horrible gal... U knew dat i was going out wif him yest n u still come n ask me...,0,ham
Lol now I'm after that hot air balloon!,0,ham
"Wn u r hurt by d prsn who s close 2 u, do fight wit dem. Coz somtimes dis fight saves a relation bt being quiet leaves nothin in a relation.. Gud eveB-)",0,ham
what I meant to say is cant wait to see u again getting bored of this bridgwater banter,0,ham
You can donate £2.50 to UNICEF's Asian Tsunami disaster support fund by texting DONATE to 864233. £2.50 will be added to your next bill,1,spam
I pocked you up there before,0,ham
Company is very good.environment is terrific and food is really nice:),0,ham
So its to be poking man everyday that they teach you in canada abi! How are you. Just saying hi.,0,ham
Haha... Really oh no... How? Then will they deduct your lesson tmr?,0,ham
Lol great now im getting hungry.,0,ham
I'm done. C ü there.,0,ham
One day a crab was running on the sea shore..The waves came n cleared the footprints of the crab.. Crab asked: being my frnd y r u clearing my beautiful footprints? Waves replied: A fox was following ur footprints to catch you! thats y i cleared it off:) frndsship never lets u dwn :-) GUD nyt..,0,ham
"Call me when you/carlos is/are here, my phone's vibrate is acting up and I might not hear texts",0,ham
Please don't text me anymore. I have nothing else to say.,0,ham
"URGENT! Your mobile was awarded a £1,500 Bonus Caller Prize on 27/6/03. Our final attempt 2 contact U! Call 08714714011",1,spam
En chikku nange bakra msg kalstiya..then had tea/coffee?,0,ham
Lol they don't know about my awesome phone. I could click delete right now if I want.,0,ham
I know I'm lacking on most of this particular dramastorm's details but for the most part I'm not worried about that,0,ham
I dont know ask to my brother. Nothing problem some thing that. Just i told .,0,ham
"Yes, my reg is  Ciao!",0,ham
Miss call miss call khelate kintu opponenter miss call dhorte lage. Thats d rule. One with great phone receiving quality wins.,0,ham
Anything lor is she coming?,0,ham
I have to take exam with in march 3,0,ham
Then ü ask dad to pick ü up lar... Ü wan 2 stay until 6 meh...,0,ham
Nope watching tv at home... Not going out. V bored...,0,ham
He needs to stop going to bed and make with the fucking dealing,0,ham
Idk. I'm sitting here in a stop and shop parking lot right now bawling my eyes out because i feel like i'm a failure in everything. Nobody wants me and now i feel like i'm failing you.,0,ham
If i not meeting ü all rite then i'll go home lor. If ü dun feel like comin it's ok.,0,ham
"XXXMobileMovieClub: To use your credit, click the WAP link in the next txt message or click here>> http://wap. xxxmobilemovieclub.com?n=QJKGIGHJJGCBL",1,spam
I probably won't eat at all today. I think I'm gonna pop. How was your weekend? Did u miss me?,0,ham
"They can try! They can get lost, in fact. Tee hee",0,ham
FREE camera phones with linerental from 4.49/month with 750 cross ntwk mins. 1/2 price txt bundle deals also avble. Call 08001950382 or call2optout/J MF,1,spam
Come by our room at some point so we can iron out the plan for this weekend,0,ham
"8 at the latest, g's still there if you can scrounge up some ammo and want to give the new ak a try",0,ham
I'm fine. Hope you are good. Do take care.,0,ham
Dear Voucher holder Have your next meal on us. Use the following link on your pc 2 enjoy a 2 4 1 dining experiencehttp://www.vouch4me.com/etlp/dining.asp,1,spam
You have WON a guaranteed £1000 cash or a £2000 prize. To claim yr prize call our customer service representative on 08714712412 between 10am-7pm Cost 10p,1,spam
"Probably gonna be here for a while, see you later tonight &lt;)",0,ham
U have won a nokia 6230 plus a free digital camera. This is what u get when u win our FREE auction. To take part send NOKIA to 83383 now. POBOX114/14TCR/W1 16,1,spam
Bought one ringtone and now getting texts costing 3 pound offering more tones etc,1,spam
Where r we meeting?,0,ham
Hey are we going for the lo lesson or gym?,0,ham
"I wonder if your phone battery went dead ? I had to tell you, I love you babe",0,ham
Well I wasn't available as I washob nobbing with last night so they had to ask Nickey Platt instead of me!;,0,ham
I anything lor...,0,ham
Depends on where u going lor.,0,ham
I had a good time too. Its nice to do something a bit different with my weekends for a change. See ya soon,0,ham
"Cool, text me when you're parked",0,ham
"Honey, can you pls find out how much they sell Predicte in Nigeria. And how many times can it be used. Its very important to have a reply before monday",0,ham
"44 7732584351, Do you want a New Nokia 3510i colour phone DeliveredTomorrow? With 300 free minutes to any mobile + 100 free texts + Free Camcorder reply or call 08000930705.",1,spam
"She was supposed to be but couldn't make it, she's still in town though",0,ham
Filthy stories and GIRLS waiting for your,1,spam
Holy living christ what is taking you so long,0,ham
Petey boy whereare you me and all your friendsare in theKingshead come down if you canlove Nic,0,ham
Dont know you bring some food,0,ham
"Beautiful Truth against Gravity.. Read carefully: ""Our heart feels light when someone is in it.. But it feels very heavy when someone leaves it.."" GOOD NIGHT",0,ham
No need to buy lunch for me.. I eat maggi mee..,0,ham
Taka lor. Wat time u wan 2 come n look 4 us?,0,ham
Not heard from U4 a while. Call me now am here all night with just my knickers on. Make me beg for it like U did last time 01223585236 XX Luv Nikiyu4.net,1,spam
Does uncle timi help in clearing cars,0,ham
Hmm. Shall i bring a bottle of wine to keep us amused? Just joking! I'll still bring a bottle. Red or white? See you tomorrow,0,ham
No need lar. Jus testing e phone card. Dunno network not gd i thk. Me waiting 4 my sis 2 finish bathing so i can bathe. Dun disturb u liao u cleaning ur room.,0,ham
His frens go then he in lor. Not alone wif my mum n sis lor.,0,ham
Ü called dad oredi...,0,ham
Its good to hear from you,0,ham
K I'll call you when I'm close,0,ham
Not..tel software name..,0,ham
Can you do online transaction?,0,ham
Not from this campus. Are you in the library?,0,ham
Yeah no probs - last night is obviously catching up with you... Speak soon,0,ham
wamma get laid?want real doggin locations sent direct to your mobile? join the UKs largest dogging network. txt dogs to 69696 now!nyt. ec2a. 3lp £1.50/msg.,1,spam
I know but you need to get hotel now. I just got my invitation but i had to apologise. Cali is to sweet for me to come to some english bloke's weddin,0,ham
I will once i get home,0,ham
Prepare to be pleasured :),0,ham
"Did you say bold, then torch later. Or one torch and 2bold?",0,ham
You only hate me. You can call any but you didnt accept even a single call of mine. Or even you messaged,0,ham
"Had the money issue weigh me down but thanks to you, I can breathe easier now. I.ll make sure you dont regret it. Thanks.",0,ham
"Oh, yes, I've just been a little under the weather so i've kind of been coccooning at home",0,ham
Cool. I am  &lt;#&gt;  inches long. hope you like them big!,0,ham
Got it..mail panren paru..,0,ham
have you ever had one foot before?,0,ham
Ur cash-balance is currently 500 pounds - to maximize ur cash-in now send CASH to 86688 only 150p/msg. CC: 08708800282 HG/Suite342/2Lands Row/W1J6HL,1,spam
Still at west coast... Haiz... Ü'll take forever to come back...,0,ham
"Had your contract mobile 11 Mnths? Latest Motorola, Nokia etc. all FREE! Double Mins & Text on Orange tariffs. TEXT YES for callback, no to remove from records",1,spam
"URGENT! Your mobile No 077xxx WON a £2,000 Bonus Caller Prize on 02/06/03! This is the 2nd attempt to reach YOU! Call 09066362206 ASAP! BOX97N7QP, 150ppm",1,spam
When are you going to ride your bike?,0,ham
Yeah right! I'll bring my tape measure fri!,0,ham
Welp apparently he retired,0,ham
Why you Dint come with us.,0,ham
You're right I have now that I think about it,0,ham
I've been barred from all B and Q stores for life!?This twat in orange dungerees came up to me and asked if I wanted decking? So I got the first punch in!!,0,ham
Try to do something dear. You read something for exams,0,ham
It is a good thing I'm now getting the connection to bw,0,ham
I think steyn surely get one wicket:),0,ham
Check Out Choose Your Babe Videos @ sms.shsex.netUN fgkslpoPW fgkslpo,1,spam
Really? I crashed out cuddled on my sofa.,0,ham
Hey what's up charles sorry about the late reply.,0,ham
"Oh! Shit, I thought that was your trip! Loooooool ... That just makes SO much more sense now ... *grins* and the sofa reference was ... The ""sleep on a couch"" link you sent me ... Wasn't that how you went on your trip ? Oh ... And didn't your babe go with you for that celebration with your rents?",0,ham
"Hello, yeah i've just got out of the bath and need to do my hair so i'll come up when i'm done, yeah?",0,ham
If i start sending blackberry torch to nigeria will you find buyer for me?like 4a month. And tell dad not to buy bb from anyone oh.,0,ham
In which place do you want da.,0,ham
Was doing my test earlier. I appreciate you. Will call you tomorrow.,0,ham
"Romantic Paris. 2 nights, 2 flights from £79 Book now 4 next year. Call 08704439680Ts&Cs apply.",1,spam
"Dont give a monkeys wot they think and i certainly don't mind. Any friend of mine&all that! Just don't sleep wiv , that wud be annoyin!",0,ham
"Bill, as in: Are there any letters for me. i’m expecting one from orange that isn’t a bill but may still say orange on it.",0,ham
Missed your call cause I was yelling at scrappy. Miss u. Can't wait for u to come home. I'm so lonely today.,0,ham
SERIOUSLY. TELL HER THOSE EXACT WORDS RIGHT NOW.,0,ham
Yup,0,ham
Did you see that film:),0,ham
So what do you guys do.,0,ham
My trip was ok but quite tiring lor. Uni starts today but it's ok 4 me cos i'm not taking any modules but jus concentrating on my final yr project.,0,ham
How long does it take to get it.,0,ham
"Do you realize that in about 40 years, we'll have thousands of old ladies running around with tattoos?",1,spam
"As a valued customer, I am pleased to advise you that following recent review of your Mob No. you are awarded with a £1500 Bonus Prize, call 09066364589",1,spam
"Alright, see you in a bit",0,ham
Nope but i'm going home now then go pump petrol lor... Like going 2 rain soon...,0,ham
All will come alive.better correct any good looking figure there itself..,0,ham
She told to hr that he want posting in chennai:)because i'm working here:),0,ham
"Nothing. I meant that once the money enters your account here, the bank will remove its flat rate. Someone transfered  &lt;#&gt;  to my account and  &lt;#&gt; dollars got removed. So the banks differ and charges also differ.be sure you trust the 9ja person you are sending account details to cos...",0,ham
Tell me pa. How is pain de.,0,ham
Are you comingdown later?,0,ham
Thats cool. Where should i cum? On you or in you? :),0,ham
Daddy will take good care of you :),0,ham
"My friend just got here and says he's upping his order by a few grams (he's got $ &lt;#&gt; ), when can you get here?",0,ham
Sorry sent blank msg again. Yup but trying 2 do some serious studying now.,0,ham
And of course you should make a stink!,0,ham
Babe !!!! I LOVE YOU !!!! *covers your face in kisses*,0,ham
We don call like  &lt;#&gt;  times oh. No give us hypertension oh.,0,ham
I am in office:)whats the matter..msg me now.i will call you at break:).,0,ham
Can u get pic msgs to your phone?,0,ham
Text PASS to 69669 to collect your polyphonic ringtones. Normal gprs charges apply only. Enjoy your tones,1,spam
I know complain num only..bettr directly go to bsnl offc nd apply for it..,0,ham
"A famous quote : when you develop the ability to listen to 'anything' unconditionally without losing your temper or self confidence, it means you are ......... 'MARRIED'",0,ham
Hey... Why dont we just go watch x men and have lunch... Haha,0,ham
Oh god. I'm gonna Google nearby cliffs now.,0,ham
What should i eat fo lunch senor,0,ham
"Camera quite good, 10.1mega pixels, 3optical and 5digital dooms. Have a lovely holiday, be safe and i hope you hav a good journey! Happy new year to you both! See you in a couple of weeks!",0,ham
"sorry brah, just finished the last of my exams, what up",0,ham
Aight should I just plan to come up later tonight?,0,ham
"Sounds good, keep me posted",0,ham
"Jane babes not goin 2 wrk, feel ill after lst nite. Foned in already cover 4 me chuck.:-)",0,ham
This message is free. Welcome to the new & improved Sex & Dogging club! To unsubscribe from this service reply STOP. msgs@150p 18+only,1,spam
"Height of Confidence: All the Aeronautics professors wer calld &amp; they wer askd 2 sit in an aeroplane. Aftr they sat they wer told dat the plane ws made by their students. Dey all hurried out of d plane.. Bt only 1 didnt move... He said:""if it is made by my students,this wont even start........ Datz confidence..",0,ham
<Forwarded from 21870000>Hi - this is your Mailbox Messaging SMS alert. You have 40 matches. Please call back on 09056242159 to retrieve your messages and matches cc100p/min,1,spam
Todays Voda numbers ending 1225 are selected to receive a £50award. If you have a match please call 08712300220 quoting claim code 3100 standard rates app,1,spam
Great! So what attracts you to the brothas?,0,ham
"Tee hee. Off to lecture, cheery bye bye.",0,ham
True dear..i sat to pray evening and felt so.so i sms'd you in some time...,0,ham
"Good FRIENDS CaRE for each Other.. CLoSE Friends UNDERSTaND each Other... and TRUE Friends STaY forever beyond words, beyond time. Gud ni8",0,ham
Shall i get my pouch?,0,ham
Reply to win £100 weekly! Where will the 2006 FIFA World Cup be held? Send STOP to 87239 to end service,1,spam
K..then come wenever u lik to come and also tel vikky to come by getting free time..:-),0,ham
HI DARLIN IM MISSIN U HOPE YOU ARE HAVING A GOOD TIME. WHEN ARE U BACK AND WHAT TIME IF U CAN GIVE ME A CALL AT HOME. JESS XX,0,ham
Super da:)good replacement for murali,0,ham
WINNER! As a valued network customer you hvae been selected to receive a £900 reward! To collect call 09061701444. Valid 24 hours only. ACL03530150PM,1,spam
It's ok lar. U sleep early too... Nite...,0,ham
My house here e sky quite dark liao... If raining then got excuse not 2 run already rite... Hee...,0,ham
Ü all write or wat..,0,ham
R u still working now?,0,ham
U GOIN OUT 2NITE?,0,ham
For fear of fainting with the of all that housework you just did? Quick have a cuppa,0,ham
"URGENT! Your mobile No *********** WON a £2,000 Bonus Caller Prize on 02/06/03! This is the 2nd attempt to reach YOU! Call 09066362220 ASAP! BOX97N7QP, 150ppm",1,spam
Am i that much bad to avoid like this?,0,ham
Everybody had fun this evening. Miss you.,0,ham
"As a SIM subscriber, you are selected to receive a Bonus! Get it delivered to your door, Txt the word OK to No: 88600 to claim. 150p/msg, EXP. 30Apr",1,spam
Yes i thought so. Thanks.,0,ham
"Oh ! A half hour is much longer in Syria than Canada, eh ? Wow you must get SO much more work done in a day than us with all that extra time ! *grins*",0,ham
"The sign of maturity is not when we start saying big things.. But actually it is, when we start understanding small things... *HAVE A NICE EVENING* BSLVYL",0,ham
No need lar i go engin? Cos my sis at arts today...,0,ham
Ok... But they said i've got wisdom teeth hidden inside n mayb need 2 remove.,0,ham
Thanks for the Vote. Now sing along with the stars with Karaoke on your mobile. For a FREE link just reply with SING now.,1,spam
Text BANNEDUK to 89555 to see! cost 150p textoperator g696ga 18+ XXX,1,spam
Lol or I could just starve and lose a pound by the end of the day.,0,ham
I'm really not up to it still tonight babe,0,ham
Have you seen who's back at Holby?!,0,ham
Or just do that 6times,0,ham
Ok. No wahala. Just remember that a friend in need ...,0,ham
Check with nuerologist.,0,ham
Aww that's the first time u said u missed me without asking if I missed u first. You DO love me! :),0,ham
Not heard from U4 a while. Call 4 rude chat private line 01223585334 to cum. Wan 2C pics of me gettin shagged then text PIX to 8552. 2End send STOP 8552 SAM xxx,1,spam
I love u 2 my little pocy bell I am sorry but I love u,0,ham
U sick still can go shopping?,0,ham
"Aight, I'll ask a few of my roommates",0,ham
"'An Amazing Quote'' - ""Sometimes in life its difficult to decide whats wrong!! a lie that brings a smile or the truth that brings a tear....""",0,ham
Jesus christ bitch I'm trying to give you drugs answer your fucking phone,0,ham
Ok no prob. Take ur time.,0,ham
"K, jason says he's gonna be around so I'll be up there around  &lt;#&gt;",0,ham
"Hi ya babe x u 4goten bout me?' scammers getting smart..Though this is a regular vodafone no, if you respond you get further prem rate msg/subscription. Other nos used also. Beware!",1,spam
"Yup. Anything lor, if u dun wan it's ok...",0,ham
Haha... Hope ü can hear the receipt sound... Gd luck!,0,ham
Hey pple...$700 or $900 for 5 nights...Excellent location wif breakfast hamper!!!,0,ham
Your unique user ID is 1172. For removal send STOP to 87239 customer services 08708034412,1,spam
Cold. Dont be sad dear,0,ham
"I thought i'd get him a watch, just cos thats the kind of thing u get4an18th. And he loves so much!",0,ham
Send me your resume:-),0,ham
"Every King Was Once A Crying Baby And Every Great Building Was Once A Map.. Not Imprtant Where U r TODAY, BUT Where U Wil Reach TOMORW. Gud ni8",0,ham
Ok lor.,0,ham
Mum say we wan to go then go... Then she can shun bian watch da glass exhibition...,0,ham
We have to pick rayan macleran there.,0,ham
Waiting in e car 4 my mum lor. U leh? Reach home already?,0,ham
Only once then after ill obey all yours.,0,ham
Just curious because my cuz asked what I was up to,0,ham
Hi. Hope you had a good day. Have a better night.,0,ham
Yes princess! I want to catch you with my big strong hands...,0,ham
This weekend is fine (an excuse not to do too much decorating),0,ham
"K, fyi I'm back in my parents' place in south tampa so I might need to do the deal somewhere else",0,ham
"Gumby's has a special where a  &lt;#&gt; "" cheese pizza is $2 so I know what we're doin tonight",0,ham
Sent me ur email id soon,0,ham
Just sing HU. I think its also important to find someone female that know the place well preferably a citizen that is also smart to help you navigate through. Even things like choosing a phone plan require guidance. When in doubt ask especially girls.,0,ham
"The guy (kadeem) hasn't been selling since the break, I know one other guy but he's paranoid as fuck and doesn't like selling without me there and I can't be up there til late tonight",0,ham
"Yeah there's quite a bit left, I'll swing by tomorrow when I get up",0,ham
"I'm not coming over, do whatever you want",0,ham
at bruce b downs &amp; fletcher now,0,ham
Yes:)sura in sun tv.:)lol.,0,ham
"Good afternoon, my love ... How goes your day ? How did you sleep ? I hope your well, my boytoy ... I think of you ...",0,ham
"Sorry to trouble u again. Can buy 4d for my dad again? 1405, 1680, 1843. All 2 big 1 small, sat n sun. Thanx.",0,ham
Ur cash-balance is currently 500 pounds - to maximize ur cash-in now send GO to 86688 only 150p/meg. CC: 08718720201 HG/Suite342/2lands Row/W1j6HL,1,spam
Think you sent the text to the home phone. That cant display texts. If you still want to send it his number is,0,ham
"REMINDER FROM O2: To get 2.50 pounds free call credit and details of great offers pls reply 2 this text with your valid name, house no and postcode",1,spam
Noice. Text me when you're here,0,ham
Free video camera phones with Half Price line rental for 12 mths and 500 cross ntwk mins 100 txts. Call MobileUpd8 08001950382 or Call2OptOut/674&,1,spam
Yes just finished watching days of our lives. I love it.,0,ham
We currently have a message awaiting your collection. To collect your message just call 08718723815.,1,spam
Hey so whats the plan this sat?,0,ham
You have to pls make a note of all she.s exposed to. Also find out from her school if anyone else was vomiting. Is there a dog or cat in the house? Let me know later.,0,ham
"URGENT! Your Mobile No. was awarded £2000 Bonus Caller Prize on 5/9/03 This is our final try to contact U! Call from Landline 09064019788 BOX42WR29C, 150PPM",1,spam
Mobile Club: Choose any of the top quality items for your mobile. 7cfca1a,1,spam
"Just arrived, see you in a couple days &lt;3",0,ham
Anytime...,0,ham
V nice! Off 2 sheffield tom 2 air my opinions on categories 2 b used 2 measure ethnicity in next census. Busy transcribing. :-),0,ham
"Hey sweet, I was wondering when you had a moment if you might come to me ? I want to send a file to someone but it won't go over yahoo for them because their connection sucks, remember when you set up that page for me to go to and download the format disc ? Could you tell me how to do that ? Or do you know some other way to download big files ? Because they can download stuff directly from the internet. Any help would be great, my prey ... *teasing kiss*",0,ham
"Thank You for calling.Forgot to say Happy Onam to you Sirji.I am fine here and remembered you when i met an insurance person.Meet You in Qatar Insha Allah.Rakhesh, ex Tata AIG who joined TISSCO,Tayseer.",0,ham
S:-)if we have one good partnership going we will take lead:),0,ham
From 5 to 2 only my work timing.,0,ham
Even if he my friend he is a priest call him now,0,ham
CDs 4u: Congratulations ur awarded £500 of CD gift vouchers or £125 gift guaranteed & Freeentry 2 £100 wkly draw xt MUSIC to 87066 TnCs www.ldew.com1win150ppmx3age16,1,spam
when you and derek done with class?,0,ham
"Hey chief, can you give me a bell when you get this. Need to talk to you about this royal visit on the 1st june.",0,ham
... Are you in the pub?,0,ham
Kothi print out marandratha.,0,ham
Yetunde i'm in class can you not run water on it to make it ok. Pls now.,0,ham
"Actually, my mobile is full of msg. And i m doing a work online, where i need to send them  &lt;#&gt;  sent msg i wil explain u later.",0,ham
"Good afternoon loverboy ! How goes you day ? Any luck come your way? I think of you, sweetie and send my love across the sea to make you smile and happy",0,ham
"YOUR CHANCE TO BE ON A REALITY FANTASY SHOW call now = 08707509020 Just 20p per min NTT Ltd, PO Box 1327 Croydon CR9 5WB 0870 is a national = rate call",1,spam
"Me not waking up until 4 in the afternoon, sup",0,ham
Jus telling u dat i'll b leaving 4 shanghai on 21st instead so we'll haf more time 2 meet up cya...,0,ham
"I'm taking derek &amp; taylor to walmart, if I'm not back by the time you're done just leave the mouse on my desk and I'll text you when priscilla's ready",0,ham
I'm aight. Wat's happening on your side.,0,ham
Only if you promise your getting out as SOON as you can. And you'll text me in the morning to let me know you made it in ok.,0,ham
I dled 3d its very imp,0,ham
Hi:)cts employee how are you?,0,ham
We r outside already.,0,ham
Ya but it cant display internal subs so i gotta extract them,0,ham
Imagine Life WITHOUT ME... see.. How fast u are searching me?Don't worry.. l'm always there To disturb U.. Goodnoon..:),0,ham
Hi my email address has changed now it is,0,ham
Call FREEPHONE 0800 542 0578 now!,1,spam
I‘m going to try for 2 months ha ha only joking,0,ham
I'll be at mu in like  &lt;#&gt;  seconds,0,ham
"U can WIN £100 of Music Gift Vouchers every week starting NOW Txt the word DRAW to 87066 TsCs www.Idew.com SkillGame, 1Winaweek, age16. 150ppermessSubscription",1,spam
Hi di is yijue we're meeting at 7 pm at esaplanade tonight.,0,ham
You have an important customer service announcement from PREMIER. Call FREEPHONE 0800 542 0578 now!,1,spam
"I want to show you the world, princess :) how about europe?",0,ham
Pick you up bout 7.30ish? What time are  and that going?,0,ham
Ok. She'll be ok. I guess,0,ham
Sitting ard nothing to do lor. U leh busy w work?,0,ham
I dont want to hear anything,0,ham
Apart from the one i told you about yesterday?,0,ham
That would be great. We'll be at the Guild. Could meet on Bristol road or somewhere - will get in touch over weekend. Our plans take flight! Have a good week,0,ham
"Christmas is An occasion that is Celebrated as a Reflection of UR... Values..., Desires..., Affections...&amp; Traditions.... Have an ideal Christmas...",0,ham
I absolutely LOVE South Park! I only recently started watching the office.,0,ham
I am not having her number sir,0,ham
Ah you see. You have to be in the lingo. I will let you know wot on earth it is when has finished making it!,0,ham
Ball is moving a lot.will spin in last :)so very difficult to bat:),0,ham
The greatest test of courage on earth is to bear defeat without losing heart....gn tc,0,ham
"Men always needs a beautiful, intelligent, caring, loving, adjustable, cooperative wife. But the law allows only one wife....",0,ham
U gd lor go shopping i got stuff to do. U wan 2 watch infernal affairs a not? Come lar...,0,ham
No you'll just get a headache trying to figure it out. U can trust me to do the math. I promise. O:-),0,ham
4mths half price Orange line rental & latest camera phones 4 FREE. Had your phone 11mths+? Call MobilesDirect free on 08000938767 to update now! or2stoptxt T&Cs,1,spam
CALL 09090900040 & LISTEN TO EXTREME DIRTY LIVE CHAT GOING ON IN THE OFFICE RIGHT NOW TOTAL PRIVACY NO ONE KNOWS YOUR [sic] LISTENING 60P MIN 24/7MP 0870753331018+,1,spam
Esplanade lor. Where else...,0,ham
7 lor... Change 2 suntec... Wat time u coming?,0,ham
I'm home.,0,ham
Hi this is yijue... It's regarding the 3230 textbook it's intro to algorithms second edition... I'm selling it for $50...,0,ham
Why do you ask princess?,0,ham
"Claim a 200 shopping spree, just call 08717895698 now! Have you won! MobStoreQuiz10ppm",1,spam
Go fool dont cheat others ok,0,ham
It so happens that there r 2waxsto do wat you want. She can come and ill get her medical insurance. And she'll be able to deliver and have basic care. I'm currently shopping for the right medical insurance for her. So just give me til friday morning. Thats when i.ll see the major person that can guide me to the right insurance.,0,ham
When did i use soc... I use it only at home... Ü dunno how 2 type it in word ar...,0,ham
Haha... They cant what... At the most tmr forfeit... haha so how?,0,ham
Loosu go to hospital. De dont let it careless.,0,ham
Then i buy.,0,ham
"We have sent JD for Customer Service cum Accounts Executive to ur mail id, For details contact us",0,ham
"Helloooo... Wake up..! ""Sweet"" ""morning"" ""welcomes"" ""You"" ""Enjoy"" ""This Day"" ""with full of joy"".. ""GUD MRNG"".",0,ham
I anything lor.,0,ham
Exactly. Anyways how far. Is jide her to study or just visiting,0,ham
Dear where you will be when i reach there,0,ham
U can call now...,0,ham
Can do lor...,0,ham
Yar lor... Keep raining non stop... Or u wan 2 go elsewhere?,0,ham
Are you unique enough? Find out from 30th August. www.areyouunique.co.uk,1,spam
"SMS. ac Blind Date 4U!: Rodds1 is 21/m from Aberdeen, United Kingdom. Check Him out http://img. sms. ac/W/icmb3cktz8r7!-4 no Blind Dates send HIDE",1,spam
You know what hook up means right?,0,ham
"I wake up long ago already... Dunno, what other thing?",0,ham
Tell your friends what you plan to do on Valentines day @ &lt;URL&gt;,0,ham
Did either of you have any idea's? Do you know of anyplaces doing something?,0,ham
"Painful words- ""I thought being Happy was the most toughest thing on Earth... But, the toughest is acting Happy with all unspoken pain inside..""",0,ham
"FREE RINGTONE text FIRST to 87131 for a poly or text GET to 87131 for a true tone! Help? 0845 2814032 16 after 1st free, tones are 3x£150pw to e£nd txt stop",1,spam
"Win the newest Harry Potter and the Order of the Phoenix (Book 5) reply HARRY, answer 5 questions - chance to be the first among readers!",1,spam
"Wen ur lovable bcums angry wid u, dnt take it seriously.. Coz being angry is d most childish n true way of showing deep affection, care n luv!.. kettoda manda... Have nice day da.",0,ham
Don't forget though that I love you .... And I walk beside you. Watching over you and keeping your heart warm.,0,ham
Ok going to sleep. Hope i can meet her.,0,ham
SORRY IM STIL FUCKED AFTER LAST NITE WENT TOBED AT 430 GOT UP 4 WORK AT 630,0,ham
"Good evening Sir, hope you are having a nice day. I wanted to bring it to your notice that I have been late in paying rent for the past few months and have had to pay a $ &lt;#&gt;  charge. I felt it would be inconsiderate of me to nag about something you give at great cost to yourself and that's why i didnt speak up. I however am in a recession and wont be able to pay the charge this month hence my askin well ahead of month's end. Can you please help. Thank you for everything.",0,ham
ALRITE HUNNY!WOT U UP 2 2NITE? DIDNT END UP GOIN DOWN TOWN JUS DA PUB INSTEAD! JUS CHILLIN AT DA MO IN ME BEDROOM!LOVE JEN XXX.,0,ham
Be sure to check your yahoo email. We sent photos yesterday,0,ham
Why i come in between you people,0,ham
Sometimes Heart Remembrs someone Very much... Forgets someone soon... Bcoz Heart will not like everyone. But liked ones will be Remembered Everytime... BSLVYL,0,ham
Hi Petey!noim ok just wanted 2 chat coz avent spoken 2 u 4 a long time-hope ur doin alrite.have good nit at js love ya am.x,0,ham
Don't necessarily expect it to be done before you get back though because I'm just now headin out,0,ham
Hhahhaahahah rofl wtf nig was leonardo in your room or something,0,ham
Will ü b going to esplanade fr home?,0,ham
"Hi the way I was with u 2day, is the normal way&this is the real me. UR unique&I hope I know u 4 the rest of mylife. Hope u find wot was lost.",0,ham
The beauty of life is in next second.. which hides thousands of secrets. I wish every second will be wonderful in ur life...!! gud n8,0,ham
"Come to me, slave. Your doing it again ... Going into your shell and unconsciously avoiding me ... You are making me unhappy :-(",0,ham
K and you're sure I don't have to have consent forms to do it :V,0,ham
Simply sitting and watching match in office..,0,ham
Ok . . now i am in bus. . If i come soon i will come otherwise tomorrow,0,ham
Ok I'm gonna head up to usf in like fifteen minutes,0,ham
"For your chance to WIN a FREE Bluetooth Headset then simply reply back with ""ADP""",1,spam
"Hey sexy buns ! Have I told you ? I adore you, loverboy. I hope you remember to thank your sister in law for those meatballs *grins* ... i love you, babe",0,ham
Do we have any spare power supplies,0,ham
Ü mean it's confirmed... I tot they juz say oni... Ok then...,0,ham
great princess! I love giving and receiving oral. Doggy style is my fave position. How about you? I enjoy making love  &lt;#&gt;  times per night :),0,ham
A bloo bloo bloo I'll miss the first bowl,0,ham
Is there a reason we've not spoken this year? Anyways have a great week and all the best in your exam,0,ham
Happy valentines day I know its early but i have hundreds of handsomes and beauties to wish. So i thought to finish off aunties and uncles 1st...,0,ham
I got to video tape pple type in message lor. U so free wan 2 help me? Hee... Cos i noe u wan 2 watch infernal affairs so ask u along. Asking shuhui oso.,0,ham
Ok i wont call or disturb any one. I know all are avoiding me. I am a burden for all,0,ham
"Ooh, 4got, i'm gonna start belly dancing in moseley weds 6.30 if u want 2 join me, they have a cafe too.",0,ham
Sorry * was at the grocers.,0,ham
"Alright if you're sure, let me know when you're leaving",0,ham
"I wasn't well babe, i have swollen glands at my throat ... What did you end up doing ?",0,ham
Its going good...no problem..but still need little experience to understand american customer voice...,0,ham
U still havent got urself a jacket ah?,0,ham
Good afternoon starshine! How's my boytoy? Does he crave me yet? Ache to fuck me ? *sips cappuccino* I miss you babe *teasing kiss*,0,ham
You dont know you jabo me abi.,0,ham
"Mmmmm ... I loved waking to your words this morning ! I miss you too, my Love. I hope your day goes well and you are happy. I wait for us to be together again",0,ham
Gd luck 4 ur exams :-),0,ham
Yes! I am a one woman man! Please tell me your likes and dislikes in bed...,0,ham
Hello hun how ru? Its here by the way. Im good. Been on 2 dates with that guy i met in walkabout so far. We have to meet up soon. Hows everyone else?,0,ham
Me sef dey laugh you. Meanwhile how's my darling anjie!,0,ham
What does the dance river do?,0,ham
GENT! We are trying to contact you. Last weekends draw shows that you won a £1000 prize GUARANTEED. Call 09064012160. Claim Code K52. Valid 12hrs only. 150ppm,1,spam
"Geeee ... I miss you already, you know ? Your all I can think about. Fuck, I can't wait till next year when we will be together ... *loving kiss*",0,ham
"* Was really good to see you the other day dudette, been missing you!",0,ham
Tone Club: Your subs has now expired 2 re-sub reply MONOC 4 monos or POLYC 4 polys 1 weekly @ 150p per week Txt STOP 2 stop This msg free Stream 0871212025016,1,spam
I lost 4 pounds since my doc visit last week woot woot! Now I'm gonna celebrate by stuffing my face!,0,ham
"By the way, i've put a skip right outside the front of the house so you can see which house it is. Just pull up before it.",0,ham
I wud never mind if u dont miss me or if u dont need me.. But u wil really hurt me wen u need me &amp; u dont tell me......... Take care:-),0,ham
Can't. I feel nauseous. I'm so pissed. I didn't eat any sweets all week cause today I was planning to pig out. I was dieting all week. And now I'm not hungry :/,0,ham
Mmm so yummy babe ... Nice jolt to the suzy,0,ham
How much is torch in 9ja.,0,ham
happened here while you were adventuring,0,ham
"Well the weather in cali's great. But its complexities are great. You need a car to move freely, its taxes are outrageous. But all in all its a great place. The sad part is i missing home.",0,ham
Bring tat cd don forget,0,ham
"Fair enough, anything going on?",0,ham
This pain couldn't have come at a worse time.,0,ham
What's up my own oga. Left my phone at home and just saw ur messages. Hope you are good. Have a great weekend.,0,ham
This is ur face test ( 1 2 3 4 5 6 7 8 9  &lt;#&gt;  ) select any number i will tell ur face astrology.... am waiting. quick reply...,0,ham
PRIVATE! Your 2003 Account Statement for 07753741225 shows 800 un-redeemed S. I. M. points. Call 08715203677 Identifier Code: 42478 Expires 24/10/04,1,spam
I agree. So i can stop thinkin about ipad. Can you please ask macho the same question.,0,ham
"500 New Mobiles from 2004, MUST GO! Txt: NOKIA to No: 89545 & collect yours today!From ONLY £1 www.4-tc.biz 2optout 087187262701.50gbp/mtmsg18 TXTAUCTION",1,spam
Hello which the site to download songs its urgent pls,0,ham
"SMS SERVICES. for your inclusive text credits, pls goto www.comuk.net login= 3qxj9 unsubscribe with STOP, no extra charge. help 08702840625.COMUK. 220-CM2 9AE",1,spam
Correct. So how was work today,0,ham
Oh just getting even with u.... u?,0,ham
Ic. There are a lotta childporn cars then.,0,ham
I got it before the new year cos yetunde said she wanted to surprise you with it but when i didnt see money i returned it mid january before the  &lt;#&gt; day return period ended.,0,ham
Honestly i've just made a lovely cup of tea and promptly dropped my keys in it and then burnt my fingers getting them out!,0,ham
"Don't worry, * is easy once have ingredients!",0,ham
No..jst change tat only..,0,ham
"A cute thought for friendship: ""Its not necessary to share every secret with ur close Frnd, but watever u shared should be true""....",0,ham
"He said that he had a right giggle when he saw u again! You would possibly be the first person2die from NVQ, but think how much you could for!",0,ham
"HEY KATE, HOPE UR OK... WILL GIVE U A BUZ WEDLUNCH. GO OUTSOMEWHERE 4 ADRINK IN TOWN..CUD GO 2WATERSHD 4 A BIT? PPL FROMWRK WILL BTHERE. LOVE PETEXXX.",0,ham
I only haf msn. It's yijue@hotmail.com,0,ham
"I can make it up there, squeezed  &lt;#&gt;  bucks out of my dad",0,ham
You are a great role model. You are giving so much and i really wish each day for a miracle but God as a reason for everything and i must say i wish i knew why but i dont. I've looked up to you since i was young and i still do. Have a great day.,0,ham
PRIVATE! Your 2004 Account Statement for 078498****7 shows 786 unredeemed Bonus Points. To claim call 08719180219 Identifier Code: 45239 Expires 06.05.05,1,spam
"Yeah, probably here for a while",0,ham
Just checking in on you. Really do miss seeing Jeremiah. Do have a great month,0,ham
Ok...,0,ham
U coming 2 pick me?,0,ham
When should I come over?,0,ham
Am slow in using biola's fne,0,ham
Babes I think I got ur brolly I left it in English wil bring it in 2mrw 4 u luv Franxx,0,ham
Thanks for your subscription to Ringtone UK your mobile will be charged £5/month Please confirm by replying YES or NO. If you reply NO you will not be charged,1,spam
"Wan2 win a Meet+Greet with Westlife 4 U or a m8? They are currently on what tour? 1)Unbreakable, 2)Untamed, 3)Unkempt. Text 1,2 or 3 to 83049. Cost 50p +std text",1,spam
So the sun is anti sleep medicine.,0,ham
"Turns out my friends are staying for the whole show and won't be back til ~ &lt;#&gt; , so feel free to go ahead and smoke that $ &lt;#&gt;  worth",0,ham
Oic cos me n my sis got no lunch today my dad went out... So dunno whether 2 eat in sch or wat...,0,ham
Good Morning my Dear........... Have a great &amp; successful day.,0,ham
Understand. his loss is my gain :) so do you work? School?,0,ham
Yeah just open chat and click friend lists. Then make the list. Easy as pie,0,ham
I am in tirupur.  call you da.,0,ham
There is os called ubandu which will run without installing in hard disk...you can use that os to copy the important files in system and give it to repair shop..,0,ham
Have you always been saying welp?,0,ham
Want explicit SEX in 30 secs? Ring 02073162414 now! Costs 20p/min,1,spam
"No! But we found a diff farm shop to buy some cheese. On way back now, can i call in?",0,ham
It's ok i noe u're busy but i'm really too bored so i msg u. I oso dunno wat colour she choose 4 me one.,0,ham
"Me also da, i feel yesterday night  wait til 2day night dear.",0,ham
Yeah imma come over cause jay wants to do some drugs,0,ham
:( but your not here....,0,ham
You have an important customer service announcement. Call FREEPHONE 0800 542 0825 now!,1,spam
I.ll get there tomorrow and send it to you,0,ham
K:)i will give my kvb acc details:),0,ham
Sian... Aft meeting supervisor got work 2 do liao... U working now?,0,ham
Ya just telling abt tht incident..,0,ham
PRIVATE! Your 2003 Account Statement for 07973788240 shows 800 un-redeemed S. I. M. points. Call 08715203649 Identifier Code: 40533 Expires 31/10/04,1,spam
"Tell you what, if you make a little spreadsheet and track whose idea it was to smoke to determine who ""smokes too much"" for the entire month of february, I'll come up",0,ham
"Hello, my love ! How went your day ? Are you alright ? I think of you, my sweet and send a jolt to your heart to remind you ... I LOVE YOU! Can you hear it ? I screamed it across the sea for all the world to hear. Ahmad al Hallaq is loved ! and owned ! *possessive passionate kiss*",0,ham
Wherre's my boytoy ? :-(,0,ham
Your gonna be the death if me. I'm gonna leave a note that says its all robs fault. Avenge me.,0,ham
Honey boo I'm missing u.,0,ham
K I'll be sure to get up before noon and see what's what,0,ham
Ok lor ü reaching then message me.,0,ham
"Hi, wkend ok but journey terrible. Wk not good as have huge back log of marking to do",0,ham
I'm reading the text i just sent you. Its meant to be a joke. So read it in that light,0,ham
You got job in wipro:)you will get every thing in life in 2 or 3 years.,0,ham
Or u ask they all if next sat can a not. If all of them can make it then i'm ok lor.,0,ham
"Excellent, I'll see what riley's plans are",0,ham
You have 1 new voicemail. Please call 08719181503,1,spam
"Ha ha nan yalrigu heltini..Iyo kothi chikku, u shared many things wit me..so far i didn't told any body and even uttered a word abt u.. If ur trusting me so much how can i tell these to others.. Plz nxt time dont use those words to me..ok, chikku:-);-)B-)",0,ham
"Sir, good morning. Hope you had a good weekend. I called to let you know that i was able to raise  &lt;#&gt;  from my dad. He however said he would make the rest available by mid feb. This amount is still quite short and i was hoping you would help. Do have a good day. Abiola",0,ham
HOW ARE U? I HAVE MISSED U! I HAVENT BEEN UP 2 MUCH A BIT BORED WITH THE HOLIDAY WANT 2 GO BAK 2 COLLEGE! SAD ISNT IT?xx,0,ham
I can't describe how lucky you are that I'm actually awake by noon,0,ham
Ujhhhhhhh computer shipped out with address to sandiago and parantella lane. Wtf. Poop.,0,ham
Oh ok i didnt know what you meant. Yep i am baby jontin,0,ham
"Yeah that's what I thought, lemme know if anything's goin on later",0,ham
I have 2 docs appointments next week.:/ I'm tired of them shoving stuff up me. Ugh why couldn't I have had a normal body?,0,ham
Please call our customer service representative on FREEPHONE 0808 145 4742 between 9am-11pm as you have WON a guaranteed £1000 cash or £5000 prize!,1,spam
500 free text msgs. Just text ok to 80488 and we'll credit your account,1,spam
Dear i am not denying your words please,0,ham
Yes i think so. I am in office but my lap is in room i think thats on for the last few days. I didnt shut that down,0,ham
As a registered optin subscriber ur draw 4 £100 gift voucher will be entered on receipt of a correct ans to 80062 Whats No1 in the BBC charts,1,spam
Nvm take ur time.,0,ham
He fucking chickened out. He messaged me he would be late and woould buzz me and then I didn't hear a word from him,0,ham
Were trying to find a Chinese food place around here,0,ham
Haha... Yup hopefully  we will lose a few kg by mon. after hip hop can go orchard and weigh again,0,ham
You want to go?,0,ham
"I'm gonna be home soon and i don't want to talk about this stuff anymore tonight, k? I've cried enough today.",0,ham
G wants to know where the fuck you are,0,ham
Fine. Do you remember me.,0,ham
No sir. That's why i had an 8-hr trip on the bus last week. Have another audition next wednesday but i think i might drive this time.,0,ham
I think u have the wrong number.,0,ham
U say leh... Of course nothing happen lar. Not say v romantic jus a bit only lor. I thk e nite scenery not so nice leh.,0,ham
I thk 50 shd be ok he said plus minus 10.. Did ü leave a line in between paragraphs?,0,ham
Message Important information for O2 user. Today is your lucky day! 2 find out why log onto http://www.urawinner.com there is a fantastic surprise awaiting you,1,spam
Webpage s not available!,0,ham
"What's up bruv, hope you had a great break. Do have a rewarding semester.",0,ham
Hmm .. Bits and pieces lol ... *sighs* ...,0,ham
Dear are you angry i was busy dear,0,ham
<Forwarded from 448712404000>Please CALL 08712404000 immediately as there is an urgent message waiting for you.,1,spam
"Enjoy the showers of possessiveness poured on u by ur loved ones, bcoz in this world of lies, it is a golden gift to be loved truly..",0,ham
Yup but it's not giving me problems now so mayb i'll jus leave it...,0,ham
"I'm an actor. When i work, i work in the evening and sleep late. Since i'm unemployed at the moment, i ALWAYS sleep late. When you're unemployed, every day is saturday.",0,ham
Men like shorter ladies. Gaze up into his eyes.,0,ham
Are you staying in town ?,0,ham
"Thanx. Yup we coming back on sun. Finish dinner going back 2 hotel now. Time flies, we're tog 4 exactly a mth today. Hope we'll haf many more mths to come...",0,ham
Ü give me some time to walk there.,0,ham
India have to take lead:),0,ham
Haha... dont be angry with yourself... Take it as a practice for the real thing. =),0,ham
RGENT! This is the 2nd attempt to contact U!U have WON £1250 CALL 09071512433 b4 050703 T&CsBCM4235WC1N3XX. callcost 150ppm mobilesvary. max£7. 50,1,spam
I am not at all happy with what you saying or doing,0,ham
Yup i thk they r e teacher said that will make my face look longer. Darren ask me not 2 cut too short.,0,ham
"I‘ve got some salt, you can rub it in my open wounds if you like!",0,ham
Customer place i will call you.,0,ham
"Say this slowly.? GOD,I LOVE YOU &amp; I NEED YOU,CLEAN MY HEART WITH YOUR BLOOD.Send this to Ten special people &amp; u c miracle tomorrow, do it,pls,pls do it...",0,ham
Im at arestaurant eating squid! i will be out about 10:30 wanna dosomething or is that to late?,0,ham
"Text82228>> Get more ringtones, logos and games from www.txt82228.com. Questions: info@txt82228.co.uk",1,spam
Ranjith cal drpd Deeraj and deepak 5min hold,0,ham
Where is that one day training:-),0,ham
"Omw back to tampa from west palm, you hear what happened?",0,ham
Urgent! Please call 09061743811 from landline. Your ABTA complimentary 4* Tenerife Holiday or £5000 cash await collection SAE T&Cs Box 326 CW25WX 150ppm,1,spam
Its not that time of the month nor mid of the time?,0,ham
K go and sleep well. Take rest:-).,0,ham
You could have seen me..i did't recognise you Face.:),0,ham
Not able to do anything.,0,ham
Ok k..sry i knw 2 siva..tats y i askd..,0,ham
"I got another job! The one at the hospital doing data analysis or something, starts on monday! Not sure when my thesis will got finished",0,ham
"Y cant u try new invention to fly..i'm not joking.,",0,ham
How much for an eighth?,0,ham
Sen told that he is going to join his uncle finance in cbe,0,ham
Lemme know when you're here,0,ham
Juz now havent woke up so a bit blur blur... Can? Dad went out liao... I cant cum now oso...,0,ham
Hmmm.but you should give it on one day..,0,ham
Hmmm:)how many players selected?,0,ham
Where's mummy's boy ? Is he being good or bad ? Is he being positive or negative ? Why is mummy being made to wait? Hmmmm?,0,ham
Why didn't u call on your lunch?,0,ham
I guess it is useless calling u 4 something important.,0,ham
"K.. I yan jiu liao... Sat we can go 4 bugis vill one frm 10 to 3 den hop to parco 4 nb. Sun can go cine frm 1030 to 2, den hop to orc mrt 4 hip hop at 4...",0,ham
Then u ask darren go n pick u lor... But i oso sian tmr haf 2 meet lect...,0,ham
Is ur lecture over?,0,ham
We'll you pay over like  &lt;#&gt; yrs so its not too difficult,0,ham
"U were outbid by simonwatson5120 on the Shinco DVD Plyr. 2 bid again, visit sms. ac/smsrewards 2 end bid notifications, reply END OUT",1,spam
WIN a £200 Shopping spree every WEEK Starting NOW. 2 play text STORE to 88039. SkilGme. TsCs08714740323 1Winawk! age16 £1.50perweeksub.,1,spam
Just hopeing that wasn‘t too pissed up to remember and has gone off to his sisters or something!,0,ham
jay says he'll put in  &lt;#&gt;,0,ham
PRIVATE! Your 2004 Account Statement for 07742676969 shows 786 unredeemed Bonus Points. To claim call 08719180248 Identifier Code: 45239 Expires,1,spam
Fine am simply sitting.,0,ham
Finish liao... U?,0,ham
Yup...,0,ham
"Mum, hope you are having a great day. Hoping this text meets you well and full of life. Have a great day. Abiola",0,ham
You stayin out of trouble stranger!!saw Dave the other day hes sorted now!still with me bloke when u gona get a girl MR!ur mum still Thinks we will get 2GETHA!,0,ham
How much u trying to get?,0,ham
"Aight that'll work, thanks",0,ham
Ok.ok ok..then..whats ur todays plan,0,ham
Hey. You got any mail?,0,ham
Nite nite pocay wocay luv u more than n e thing 4eva I promise ring u 2morrowxxxx,0,ham
I am going to sleep. I am tired of travel.,0,ham
"We know someone who you know that fancies you. Call 09058097218 to find out who. POBox 6, LS15HB 150p",1,spam
Update_Now - 12Mths Half Price Orange line rental: 400mins...Call MobileUpd8 on 08000839402 or call2optout=J5Q,1,spam
"Good afternon, my love. How are today? I hope your good and maybe have some interviews. I wake and miss you babe. A passionate kiss from across the sea",0,ham
I'll text now! All creepy like so he won't think that we forgot,0,ham
Finished class where are you.,0,ham
He is a womdarfull actor,0,ham
Happy new year. Hope you are having a good semester,0,ham
You have 1 new voicemail. Please call 08719181513.,1,spam
Dunno leh cant remember mayb lor. So wat time r we meeting tmr?,0,ham
Aiyah sorry lor... I watch tv watch until i forgot 2 check my phone.,0,ham
You also didnt get na hi hi hi hi hi,0,ham
"Looks like you found something to do other than smoke, great job!",0,ham
"K, wait chikku..il send aftr  &lt;#&gt; mins",0,ham
I'm still pretty weak today .. Bad day ?,0,ham
Wat happened to the cruise thing,0,ham
S but mostly not like that.,0,ham
Msgs r not time pass.They silently say that I am thinking of U right now and also making U think of me at least 4 a moment. Gd nt.swt drms @Shesil,0,ham
That is wondarfull song,0,ham
"Argh my 3g is spotty, anyway the only thing I remember from the research we did was that province and sterling were the only problem-free places we looked at",0,ham
What time should I tell my friend to be around?,0,ham
Do you want a New Nokia 3510i colour phone DeliveredTomorrow? With 300 free minutes to any mobile + 100 free texts + Free Camcorder reply or call 08000930705,1,spam
PRIVATE! Your 2003 Account Statement for 078,1,spam
We're finally ready fyi,0,ham
I hope your pee burns tonite.,0,ham
I'm not. She lip synced with shangela.,0,ham
Maybe i could get book out tomo then return it immediately ..? Or something.,0,ham
"Hiya, probably coming home * weekend after next",0,ham
Someone has conacted our dating service and entered your phone because they fancy you!To find out who it is call from landline 09111030116. PoBox12n146tf15,1,spam
Friendship poem: Dear O Dear U R Not Near But I Can Hear Dont Get Fear Live With Cheer No More Tear U R Always my Dear. Gud ni8,0,ham
"Evening * v good if somewhat event laden. Will fill you in, don't you worry … Head * ok but throat * wrecked. See you at six then!",0,ham
Good night. Am going to sleep.,0,ham
I am getting threats from your sales executive Shifad as i raised complaint against him. Its an official message.,0,ham
Here got ur favorite oyster... N got my favorite sashimi... Ok lar i dun say already... Wait ur stomach start rumbling...,0,ham
"Wait, do you know if wesleys in town? I bet she does hella drugs!",0,ham
"Princess, is your kitty shaved or natural?",0,ham
And popping &lt;#&gt; ibuprofens was no help.,0,ham
Hi! This is Roger from CL. How are you?,0,ham
Lol enjoy role playing much?,0,ham
what number do u live at? Is it 11?,0,ham
Ay wana meet on sat?ü wkg on sat?,0,ham
I'm gonna say no. Sorry. I would but as normal am starting to panic about time. Sorry again! Are you seeing on Tuesday?,0,ham
"Sir, I have been late in paying rent for the past few months and had to pay a $ &lt;#&gt;  charge. I felt it would be inconsiderate of me to nag about something you give at great cost to yourself and that's why i didnt speak up. I however am in a recession and wont be able to pay the charge this month hence my askin well ahead of month's end. Can you please help. Thanks",0,ham
Yar lor actually we quite fast... Cos da ge slow wat... Haha...,0,ham
"God picked up a flower and dippeditinaDEW, lovingly touched itwhichturnedinto u, and the he gifted tomeandsaid,THIS FRIEND IS 4U",0,ham
Ok no problem... Yup i'm going to sch at 4 if i rem correctly...,0,ham
Stop knowing me so well!,0,ham
But i have to. I like to have love and arrange.,0,ham
He also knows about lunch menu only da. . I know,0,ham
We tried to call you re your reply to our sms for a video mobile 750 mins UNLIMITED TEXT + free camcorder Reply of call 08000930705 Now,1,spam
Yup i'm elaborating on the safety aspects and some other issues..,0,ham
"Ya they are well and fine., BBD(pooja) full pimples..even she become quite black..and ur rite here its too cold, wearing sweatter..",0,ham
Hi mate its RV did u hav a nice hol just a message 3 say hello coz havent sent u 1 in ages started driving so stay off roads!RVx,0,ham
I need to come home and give you some good lovin...,0,ham
Don‘t give a flying monkeys wot they think and I certainly don‘t mind. Any friend of mine and all that!,0,ham
No i am not having not any movies in my laptop,0,ham
"Its ok, if anybody asks abt me, u tel them..:-P",0,ham
Still i have not checked it da. . .,0,ham
"All done, all handed in. Don't know if mega shop in asda counts as celebration but thats what i'm doing!",0,ham
Are you up for the challenge? I know i am :),0,ham
"Good afternoon, my boytoy ... How are you feeling today ? Better I hope? Are you being my good boy? Are you my obedient, slave? Do you please your Queen?",0,ham
Let me know if you need anything else. Salad or desert or something... How many beers shall i get?,0,ham
"To review and KEEP the fantastic Nokia N-Gage game deck with Club Nokia, go 2 www.cnupdates.com/newsletter. unsubscribe from alerts reply with the word OUT",1,spam
Just got outta class gonna go gym.,0,ham
I want to lick your pussy now...,0,ham
No..few hours before.went to hair cut .,0,ham
"I don't have anybody's number, I still haven't thought up a tactful way to ask alex",0,ham
Ugh I don't wanna get out of bed. It's so warm.,0,ham
I'm awake oh. What's up.,0,ham
I ain't answerin no phone at what is actually a pretty reasonable hour but I'm sleepy,0,ham
"As in missionary hook up, doggy hook up, standing...|",0,ham
Just finished. Missing you plenty,0,ham
A pure hearted person can have a wonderful smile that makes even his/her enemies to feel guilty for being an enemy.. So catch the world with your smile..:) GOODMORNING &amp; HAVE A SMILEY SUNDAY..:),0,ham
It's justbeen overa week since we broke up and already our brains are going to mush!,0,ham
"Piggy, r u awake? I bet u're still sleeping. I'm going 4 lunch now...",0,ham
"LOL .. *grins* .. I'm not babe, but thanks for thinking of me!",0,ham
"That's cool, I'll come by like  &lt;#&gt; ish",0,ham
"Cool, text me when you're ready",0,ham
How are you enjoying this semester? Take care brother.,0,ham
"Babe, I'm back ... Come back to me ...",0,ham
K da:)how many page you want?,0,ham
I wont touch you with out your permission.,0,ham
My birthday is on feb  &lt;#&gt;  da. .,0,ham
Am only searching for good dual sim mobile pa.,0,ham
"Carlos took a while (again), we leave in a minute",0,ham
"Hello.How u doing?What u been up 2?When will u b moving out of the flat, cos I will need to arrange to pick up the lamp, etc. Take care. Hello caroline!",0,ham
Y de asking like this.,0,ham
Omg it could snow here tonite!,0,ham
Okey dokey swashbuckling stuff what oh.,0,ham
"Living is very simple.. Loving is also simple.. Laughing is too simple.. Winning is tooo simple.. But, being 'SIMPLE' is very difficult.. Gud nte.:-",0,ham
"Fyi I'm taking a quick shower, be at epsilon in like  &lt;#&gt;  min",0,ham
"Hi babe its Chloe, how r u? I was smashed on saturday night, it was great! How was your weekend? U been missing me? SP visionsms.com Text stop to stop 150p/text",1,spam
Anything lor. Juz both of us lor.,0,ham
"It's cool, we can last a little while. Getting more any time soon?",0,ham
You are right though. I can't give you the space you want and need. This is really starting to become an issue. I was going to suggest setting a definite move out--if i'm still there-- after greece. But maybe you are ready and should do it now.,0,ham
10 min later k...,0,ham
I AM AT THE GAS STATION. GO THERE.,0,ham
Was gr8 to see that message. So when r u leaving? Congrats dear. What school and wat r ur plans.,0,ham
Aight well keep me informed,0,ham
Dai i downloaded but there is only exe file which i can only run that exe after installing.,0,ham
Just getting back home,0,ham
Are u coming to the funeral home,0,ham
"Aight fuck it, I'll get it later",0,ham
Its sarcasm.. .nt scarcasim,0,ham
Yup... From what i remb... I think should be can book...,0,ham
Good Morning my Dear Shijutta........... Have a great &amp; successful day.,0,ham
URGENT This is our 2nd attempt to contact U. Your £900 prize from YESTERDAY is still awaiting collection. To claim CALL NOW 09061702893. ACL03530150PM,1,spam
Yup n her fren lor. I'm meeting my fren at 730.,0,ham
Ü got wat to buy tell us then ü no need to come in again.,0,ham
Ok.,0,ham
"Its so common hearin How r u? Wat r u doing? How was ur day? So let me ask u something different. Did u smile today? If not, do it now.... Gud evng.",0,ham
Oh ho. Is this the first time u use these type of words,0,ham
Going to join tomorrow.,0,ham
"Yeah work is fine, started last week, all the same stuff as before, dull but easy and guys are fun!",0,ham
But i juz remembered i gotta bathe my dog today..,0,ham
"I can't, I don't have her number!",0,ham
"I met you as a stranger and choose you as my friend. As long as the world stands, our friendship never ends. Lets be Friends forever!!! Gud nitz...",0,ham
"not that I know of, most people up here are still out of town",0,ham
Aiyah ok wat as long as got improve can already wat...,0,ham
All e best 4 ur exam later.,0,ham
Doing project w frens lor.,0,ham
Roger that. We‘re probably going to rem in about 20,0,ham
Cuz ibored. And don wanna study,0,ham
U sure u can't take any sick time?,0,ham
HELLO U.CALL WEN U FINISH WRK.I FANCY MEETIN UP WIV U ALL TONITE AS I NEED A BREAK FROM DABOOKS. DID 4 HRS LAST NITE+2 TODAY OF WRK!,0,ham
Umma my life and vava umma love you lot dear,0,ham
Send me the new number,0,ham
I uploaded mine to Facebook,0,ham
WHORE YOU ARE UNBELIEVABLE.,0,ham
K.k.how is your business now?,0,ham
Becoz its  &lt;#&gt;  jan whn al the post ofice is in holiday so she cn go fr the post ofice...got it duffer,0,ham
FREEMSG: Our records indicate you may be entitled to 3750 pounds for the Accident you had. To claim for free reply with YES to this msg. To opt out text STOP,1,spam
We're done...,0,ham
Did you stitch his trouser,0,ham
K.:)you are the only girl waiting in reception ah?,0,ham
How long does applebees fucking take,0,ham
Sexy Singles are waiting for you! Text your AGE followed by your GENDER as wither M or F E.G.23F. For gay men text your AGE followed by a G. e.g.23G.,1,spam
"Come to me right now, Ahmad",0,ham
Same. Wana plan a trip sometme then,0,ham
Hai dear friends... This is my new &amp; present number..:) By Rajitha Raj (Ranju),0,ham
Dunno lei... I might b eatin wif my frens... If ü wan to eat then i wait 4 ü lar,0,ham
"I know where the  &lt;#&gt;  is, I'll be there around 5",0,ham
Where are you ? What do you do ? How can you stand to be away from me ? Doesn't your heart ache without me ? Don't you wonder of me ? Don't you crave me ?,0,ham
"Can meh? Thgt some will clash... Really ah, i dun mind... I dun seen to have lost any weight... Gee...",0,ham
"U've been selected to stay in 1 of 250 top British hotels - FOR NOTHING! Holiday valued at £350! Dial 08712300220 to claim - National Rate Call. Bx526, SW73SS",1,spam
